id,income,total_amount_spent,total_purchase,age,total_campaign_accepted,education,marital_status,country
1826,84835,1190,15,44,0,Bsc,Divorced,Spain
1,57091,577,18,53,1,Bsc,Single,Canada
10476,67267,251,11,56,0,Bsc,Married,United State
1386,32474,11,4,47,0,Bsc,Single,Australia
5371,21474,91,8,25,1,Bsc,Single,Spain
7348,71691,1192,17,56,0,PhD,Single,Spain
4073,63564,1215,28,60,1,Undergraduate,Married,Germany
1991,44931,96,7,47,0,Bsc,Single,Spain
4047,65324,544,20,60,0,PhD,Married,United State
9477,65324,544,20,60,0,PhD,Married,India
2079,81044,1208,22,67,0,Undergraduate,Married,United State
5642,62499,222,12,35,0,Master,Single,Spain
10530,67786,1156,16,55,0,PhD,Single,India
2964,26872,72,5,33,0,Bsc,Married,Canada
10311,4428,359,25,45,0,Bsc,Married,Spain
837,54809,174,12,37,0,Bsc,Married,Spain
10521,54809,174,12,37,0,Bsc,Married,Spain
10175,32173,22,5,56,0,PhD,Divorced,Spain
1473,47823,72,7,54,0,Undergraduate,Single,Canada
2795,30523,13,4,56,0,Master,Single,Canada
2285,36634,335,15,60,0,Master,Single,South Africa
115,43456,393,17,48,0,Master,Single,India
10470,40662,92,8,35,0,Master,Married,Germany
4065,49544,404,16,38,0,PhD,Married,Spain
10968,57731,704,26,45,0,Bsc,Single,India
5985,33168,122,10,49,0,Master,Single,Spain
5430,54450,684,31,58,0,Bsc,Single,Spain
8432,54450,684,31,58,0,Bsc,Single,Spain
453,35340,45,7,58,0,PhD,Single,Spain
9687,73170,726,16,39,0,Bsc,Single,Canada
8890,65808,272,14,43,0,PhD,Divorced,Spain
9264,79529,1638,22,28,0,Bsc,Married,Canada
5824,34578,8,4,42,0,PhD,Single,Australia
5794,46374,446,18,40,2,PhD,Married,India
3068,18351,43,6,24,0,Bsc,Married,Spain
7962,95169,1901,12,27,2,PhD,Single,Spain
2681,65370,461,19,30,0,Undergraduate,Married,Spain
10141,39228,20,4,54,0,Master,Divorced,South Africa
3725,84865,1688,16,53,4,PhD,Single,Spain
3767,61314,1008,24,46,0,Bsc,Married,Spain
5585,21359,48,7,42,0,Bsc,Single,Canada
7030,66465,1485,35,59,1,PhD,Married,Spain
1524,81698,1104,16,31,1,Undergraduate,Single,Spain
3657,39146,165,11,28,0,Bsc,Single,Spain
5740,25959,56,7,44,0,Undergraduate,Divorced,Spain
9595,64260,1574,14,53,0,Bsc,Single,Spain
3158,32300,39,5,41,0,Bsc,Married,Spain
5114,74806,965,16,49,0,Master,Married,Australia
340,72967,497,19,44,1,Bsc,Divorced,Germany
8805,48904,371,17,54,0,Bsc,Single,United State
1241,14796,51,6,30,0,Undergraduate,Married,Germany
1402,66991,1253,21,60,0,Master,Married,Germany
7264,52195,17,4,36,0,Undergraduate,Single,South Africa
1619,90369,1588,17,58,0,Bsc,Married,Spain
6398,18393,50,8,40,0,Basic,Married,Spain
1857,47139,83,7,62,0,Bsc,Single,Spain
4877,38576,41,5,41,0,Master,Married,India
3066,61905,231,12,39,0,PhD,Single,South Africa
10286,83715,926,24,52,0,Bsc,Married,South Africa
1992,60597,893,16,50,1,Bsc,Married,Spain
4246,6560,373,2,32,0,Master,Single,Spain
10623,48330,32,5,53,0,Master,Single,Spain
4867,38236,88,11,46,0,PhD,Single,Spain
3112,22701,24,5,37,0,Master,Married,Spain
4865,53367,400,21,40,0,Master,Divorced,Australia
6287,34728,36,5,28,0,Bsc,Single,Spain
4405,63915,789,23,58,0,Master,Married,Australia
5332,82504,1066,17,54,0,Undergraduate,Married,India
1519,38578,73,9,42,0,PhD,Single,Spain
9080,38578,73,9,42,0,PhD,Single,Spain
1772,79174,2043,19,39,2,PhD,Married,Canada
5341,81975,1588,14,52,1,Undergraduate,Divorced,South Africa
5510,43263,441,16,37,0,Master,Married,Spain
3887,27242,106,7,44,0,Bsc,Single,India
7022,76445,1410,21,43,0,Bsc,Married,South Africa
9999,75276,1040,23,49,0,Bsc,Single,Spain
10352,34213,117,9,51,0,Bsc,Single,South Africa
7919,72335,2092,23,38,0,PhD,Single,Spain
4114,79143,1693,29,50,0,Master,Married,Australia
7990,27469,17,4,67,0,Bsc,Married,Canada
9888,68695,1091,16,45,0,Bsc,Single,Spain
4399,68695,1091,16,45,0,Bsc,Single,Canada
4452,50388,372,17,57,2,Bsc,Single,Germany
4785,77622,714,22,44,0,PhD,Single,South Africa
8461,46102,16,4,52,0,Bsc,Divorced,Spain
3878,31859,48,5,34,0,Undergraduate,Single,Spain
9612,23830,43,5,27,0,Undergraduate,Single,Spain
4098,24639,44,9,41,0,Bsc,Married,Australia
158,71604,1196,17,69,1,PhD,Single,Spain
3896,27255,37,5,30,0,Bsc,Married,Spain
9970,55375,162,9,37,0,Bsc,Single,Canada
4002,77037,1123,27,54,0,PhD,Married,Spain
10914,24163,17,6,44,0,Bsc,Single,Spain
7279,69476,1044,15,45,0,PhD,Single,United State
10582,72063,758,21,35,0,Bsc,Married,Germany
4470,58646,140,8,52,0,Master,Married,Spain
6183,58646,140,8,52,0,Master,Married,Germany
6379,47570,121,9,65,0,Master,Single,United State
8601,80011,1395,21,34,0,Bsc,Married,Australia
4827,54998,455,20,58,0,PhD,Single,Spain
6715,60200,685,25,66,0,PhD,Single,Spain
10676,63211,1173,20,32,0,Bsc,Married,Spain
1041,48432,424,19,41,0,PhD,Single,South Africa
492,48432,424,19,41,0,PhD,Single,Canada
11133,48432,424,19,41,0,PhD,Single,India
4491,62845,1178,28,65,1,Master,Married,Spain
873,62845,1178,28,65,1,Master,Married,Spain
1631,65220,1282,23,49,0,PhD,Single,Germany
8278,74214,1711,16,24,0,PhD,Married,Spain
6815,96547,809,21,34,3,Undergraduate,Married,Spain
254,53863,473,18,59,1,Bsc,Single,Spain
1349,50447,148,8,44,0,Bsc,Married,India
2534,37716,188,10,61,0,Bsc,Married,Australia
2130,45203,147,8,32,0,Bsc,Single,South Africa
2296,37368,30,4,39,1,Master,Married,Spain
3799,67225,868,23,59,0,Bsc,Married,United State
11084,65104,1053,17,38,0,Master,Single,Canada
5172,65104,1053,17,38,0,Master,Single,Spain
9504,81698,1008,25,65,0,Master,Married,Spain
850,70566,757,22,46,0,Bsc,Single,Spain
4477,69096,653,18,56,0,Bsc,Single,Germany
1945,71434,1400,21,52,2,Bsc,Married,Spain
7685,33039,78,7,36,0,Bsc,Married,Spain
6310,33039,78,7,36,0,Bsc,Married,Canada
10832,46610,467,14,56,0,Bsc,Single,Spain
3025,49967,306,15,56,0,Bsc,Single,Canada
2404,53359,257,14,38,0,Bsc,Married,United State
8581,49505,751,29,43,0,Master,Married,Spain
8755,68657,1196,18,68,0,Master,Married,Australia
10177,72071,1338,20,60,0,Bsc,Divorced,Spain
2429,72071,1338,20,60,0,Bsc,Divorced,Canada
8920,59235,1128,28,47,0,Master,Single,India
8430,21994,22,4,57,0,Bsc,Single,Australia
8619,21994,22,4,57,0,Bsc,Single,Spain
8996,51381.5,603,29,57,0,PhD,Married,Germany
7233,69209,1782,16,42,1,Bsc,Married,Canada
6678,31928,72,9,25,0,Bsc,Single,India
830,74004,1658,15,27,2,PhD,Single,India
6365,30390,80,6,27,0,Undergraduate,Married,India
6770,21355,68,7,29,1,Bsc,Married,United State
2261,26304,16,4,45,0,Bsc,Married,Germany
1031,85710,1062,26,25,1,Undergraduate,Married,India
10089,102692,1112,29,40,4,Bsc,Divorced,South Africa
9256,58350,1001,27,43,0,Bsc,Single,Spain
10641,7500,57,10,36,0,Bsc,Single,Spain
624,18890,35,4,30,1,Master,Single,South Africa
4211,20425,57,7,28,0,Basic,Married,Canada
1407,20425,57,7,28,0,Basic,Married,Germany
10356,41437,32,5,57,0,PhD,Divorced,Spain
9323,49912,874,26,65,1,Master,Single,Mexico
1146,49912,874,26,65,1,Master,Single,Australia
6343,79823,1518,23,55,1,Bsc,Married,Australia
8545,85683,1789,17,60,4,Bsc,Divorced,Spain
8275,47025,20,4,49,0,PhD,Divorced,Spain
10673,68397,1416,21,38,0,PhD,Married,South Africa
8799,38175,153,11,30,0,PhD,Married,Spain
67,46423,92,9,42,0,Master,Single,Spain
9923,46423,92,9,42,0,Master,Single,Spain
2814,30560,31,5,38,0,Master,Single,South Africa
2711,30560,31,5,38,0,Master,Single,Canada
4320,60152,943,23,35,0,Bsc,Single,Spain
10451,29672,25,4,49,0,Bsc,Single,South Africa
4198,29672,25,4,49,0,Bsc,Single,Spain
10814,70321,1376,25,67,0,Bsc,Single,Spain
944,56181,393,14,52,0,Bsc,Married,Spain
8151,24279,263,9,24,0,Basic,Married,Spain
6184,68462,1670,15,45,0,PhD,Married,Spain
3498,55424,877,25,38,1,PhD,Married,Spain
2870,49094,502,20,41,0,Bsc,Married,Spain
7342,59184,1072,27,53,0,Undergraduate,Single,Spain
1911,67430,1364,29,27,0,Bsc,Single,Germany
10862,30522,326,17,54,0,Master,Married,Spain
2546,31878,70,6,37,0,Undergraduate,Single,Spain
3005,83528,1650,23,22,2,Bsc,Single,Spain
8318,90300,1738,19,35,1,Bsc,Single,Spain
2930,68092,1281,20,36,0,Master,Single,South Africa
8216,53761,325,17,42,0,Master,Married,Australia
1212,52845,936,25,41,1,Bsc,Married,Spain
2541,24027,48,7,38,0,Bsc,Married,Spain
10659,7500,53,11,35,0,Undergraduate,Single,India
10905,42586,252,16,59,0,Bsc,Single,Spain
8910,42586,252,16,59,0,Bsc,Single,Spain
7349,9722,103,11,41,0,Basic,Single,Spain
7872,86836,557,23,39,3,PhD,Married,Spain
4290,30467,24,4,42,0,Bsc,Married,Canada
7408,54549,233,12,62,0,PhD,Married,South Africa
9986,19444,54,10,32,0,Bsc,Single,South Africa
8235,69245,843,23,58,0,Master,Single,South Africa
10949,72968,1958,19,51,1,PhD,Divorced,Spain
7284,48686,20,4,61,0,Bsc,Married,Spain
9529,73687,1627,22,24,1,Bsc,Married,South Africa
9930,82716,1167,28,69,0,PhD,Single,Canada
10270,35523,66,8,33,0,Undergraduate,Married,Germany
760,60554,811,23,39,0,PhD,Divorced,South Africa
5519,64090,797,20,58,0,Bsc,Single,South Africa
232,61559,530,17,49,0,Bsc,Single,Spain
3009,71670,1766,15,52,3,PhD,Single,Spain
6518,67680,606,19,63,0,PhD,Single,Australia
10669,54386,470,17,33,0,Bsc,Married,Spain
5682,64108,1099,30,61,0,PhD,Single,Australia
1570,69702,1039,26,63,0,PhD,Single,Spain
1497,47958,407,16,62,0,Bsc,Single,South Africa
9723,67716,1016,28,54,1,Bsc,Married,Canada
7261,34600,318,17,43,0,Bsc,Single,Spain
2452,34600,318,17,43,0,Bsc,Single,Spain
5621,48752,316,17,45,0,Bsc,Married,Spain
10995,15716,92,10,26,0,Undergraduate,Married,South Africa
7373,46610,302,17,62,0,PhD,Divorced,Australia
5331,74985,1869,17,37,0,Bsc,Married,Germany
263,45576,145,8,69,0,PhD,Single,Spain
4619,113734,277,27,69,0,PhD,Single,Spain
940,57100,311,14,27,0,Bsc,Single,South Africa
10084,24434,50,7,42,0,Bsc,Married,India
6019,37126,72,6,43,1,PhD,Married,Spain
1463,45160,21,4,56,0,Bsc,Single,Australia
6424,33178,49,5,37,0,Bsc,Single,Spain
8233,64866,556,21,64,1,Master,Single,Canada
1515,34176,28,5,39,0,Master,Single,Canada
10855,50014,396,15,46,0,Master,Single,Spain
10909,92344,1899,20,66,2,Bsc,Married,Australia
3376,55282,235,11,44,0,Master,Divorced,Spain
10232,48799,331,15,51,0,PhD,Divorced,Spain
5547,84169,1919,20,32,2,PhD,Married,Spain
8362,84169,1919,20,32,2,PhD,Married,South Africa
3524,39763,167,10,43,0,Master,Single,Spain
10095,74165,1293,20,39,0,PhD,Divorced,Canada
8897,42720,654,25,49,0,Bsc,Single,Germany
466,65275,746,21,69,0,Bsc,Married,Spain
11025,36443,138,11,53,0,Bsc,Married,Spain
2387,43776,275,17,62,0,Master,Single,South Africa
1618,56046,692,21,49,1,Bsc,Single,Germany
25,65148,1115,21,56,0,Bsc,Married,Canada
3277,49431,365,15,59,0,Bsc,Divorced,Spain
8566,32583,9,4,53,0,PhD,Single,Spain
2634,16653,69,9,35,0,Master,Single,Spain
8036,26850,63,11,43,0,Undergraduate,Single,Spain
8159,51287,182,11,46,0,Bsc,Married,Spain
7628,43050,76,8,41,0,Undergraduate,Married,Spain
9597,73448,725,19,45,0,Bsc,Married,Canada
1384,17256,62,7,22,1,Basic,Married,United State
10150,86429,1449,18,53,1,Bsc,Single,South Africa
3885,33569,63,5,31,1,PhD,Married,Spain
11003,25130,50,7,34,0,Undergraduate,Single,Canada
8026,62998,463,19,62,0,Bsc,Married,Canada
577,26907,22,6,38,0,Undergraduate,Single,Spain
8702,26907,22,6,38,0,Undergraduate,Single,Australia
5429,45579,183,10,66,0,PhD,Married,Spain
977,47320,414,20,57,0,Bsc,Single,Canada
2793,70179,1034,26,38,0,PhD,Divorced,South Africa
1071,70179,1034,26,38,0,PhD,Divorced,United State
5074,28072,47,5,28,0,Master,Married,Canada
2632,50501,500,20,60,1,Bsc,Married,India
6404,58917,282,16,45,0,Bsc,Single,South Africa
10240,69372,1381,21,65,2,Bsc,Single,Canada
2521,35178,59,5,43,1,Master,Married,Spain
4301,35178,59,5,43,1,Master,Married,Australia
7381,75693,1442,22,46,3,Bsc,Divorced,Spain
2407,69109,1555,20,32,1,Bsc,Married,United State
9064,69109,1555,20,32,1,Bsc,Married,Spain
5067,80134,1378,21,20,4,Bsc,Single,Spain
10281,64713,602,19,44,0,Bsc,Divorced,Australia
11191,41411,139,8,28,0,Bsc,Divorced,Spain
1994,51381.5,19,4,31,0,Bsc,Married,United State
2552,55521,446,24,59,1,PhD,Single,Spain
6720,43795,492,17,46,1,Master,Single,Spain
4557,22070,67,8,44,0,Bsc,Single,South Africa
1183,36408,22,4,65,0,Master,Married,Germany
4186,34026,76,9,64,0,Bsc,Single,Canada
1419,34026,76,9,64,0,Bsc,Single,Spain
967,46049,515,26,38,0,Bsc,Married,Spain
1048,35641,178,10,42,0,Master,Married,South Africa
9262,32414,52,5,30,1,Undergraduate,Single,South Africa
3427,59821,734,26,59,0,PhD,Married,South Africa
5892,34968,221,17,34,0,Bsc,Married,South Africa
8911,56320,702,21,47,0,PhD,Married,Spain
6606,70091,1161,19,45,1,Master,Married,Spain
2677,46097,241,15,58,0,Bsc,Single,South Africa
252,41003,601,17,51,0,PhD,Divorced,South Africa
9860,44911,215,12,55,0,Bsc,Single,Spain
1388,33249,112,8,39,0,Bsc,Single,Australia
979,33249,112,8,39,0,Bsc,Single,Spain
7494,42873,269,15,64,0,PhD,Divorced,Canada
10490,51039,417,14,45,0,PhD,Married,Australia
3403,78952,2092,21,56,0,PhD,Single,Spain
2715,29435,180,11,48,0,Master,Divorced,Canada
4828,79865,792,21,60,0,Bsc,Divorced,South Africa
92,34176,89,11,26,0,Bsc,Married,Canada
3312,34176,89,11,26,0,Bsc,Single,India
11176,65968,495,18,44,0,PhD,Single,Canada
1446,86424,1226,28,58,0,Master,Single,South Africa
9699,67272,733,23,48,0,Bsc,Divorced,Spain
9790,78499,1334,19,57,1,Bsc,Single,Canada
2324,77044,1065,31,42,1,Bsc,Single,Spain
5080,70515,1258,17,21,0,Bsc,Single,Mexico
4992,17459,69,9,39,0,Master,Single,Spain
7849,80336,1052,25,44,0,PhD,Married,Spain
4808,15759,17,4,58,0,Bsc,Married,Spain
10401,26326,18,4,38,0,Undergraduate,Single,Germany
7793,62061,800,24,38,1,Bsc,Single,Spain
9303,5305,32,1,38,0,Bsc,Married,India
6853,75777,1438,21,32,2,Master,Single,Australia
7366,75777,1438,21,32,2,Master,Single,India
9780,71499,795,26,43,0,Master,Single,Spain
7573,31626,86,6,36,1,PhD,Single,Germany
1379,42670,241,11,22,0,Master,Single,South Africa
8923,83917,1587,21,41,0,Bsc,Single,Spain
3547,41021,64,7,45,0,Master,Single,South Africa
8707,79456,1401,16,58,0,Bsc,Married,Spain
1891,78789,1754,16,34,0,Master,Divorced,Spain
6271,50870,63,6,62,0,PhD,Married,Spain
9635,35876,129,8,31,0,Master,Married,Spain
9727,23539,81,7,57,0,Bsc,Married,Canada
6205,32557,80,9,47,0,Master,Single,Canada
10681,62466,889,26,44,0,Undergraduate,Married,Spain
5156,62466,889,26,44,0,Undergraduate,Married,Spain
3050,54198,235,16,48,0,Bsc,Married,Spain
8164,82170,1908,19,36,0,PhD,Married,South Africa
5626,61798,463,16,50,0,PhD,Single,Spain
7600,15253,29,6,22,0,Basic,Single,Canada
6406,78285,1427,21,26,0,Master,Married,Germany
7002,62535,398,14,59,0,Bsc,Single,Spain
8234,27190,18,4,41,1,Basic,Single,Spain
6116,48985,75,6,46,0,Undergraduate,Married,Spain
291,72940,981,13,44,0,Bsc,Married,South Africa
8779,36145,172,12,29,1,Undergraduate,Married,United State
4931,157146,1730,28,37,0,Bsc,Single,South Africa
1650,81843,1643,27,54,0,Master,Married,Spain
9701,41883,312,12,26,0,Bsc,Single,Canada
6431,45759,68,7,50,0,PhD,Married,India
10789,45759,68,7,50,0,PhD,Married,Spain
5302,78394,1428,16,28,0,Bsc,Single,Spain
4459,30279,37,5,25,0,Bsc,Single,Spain
10642,30279,37,5,25,0,Bsc,Single,Spain
9213,31880,15,4,44,0,Bsc,Single,Spain
3678,60208,656,29,41,1,Bsc,Single,Spain
3698,78687,2130,19,31,1,Bsc,Single,Spain
5929,37401,48,7,41,0,PhD,Married,Spain
10795,37401,48,7,41,0,PhD,Married,India
4390,75315,841,23,60,0,Bsc,Single,South Africa
9362,69263,568,18,49,1,Bsc,Single,Canada
1577,78569,1736,15,68,1,Bsc,Married,Spain
4609,57705,486,18,48,0,PhD,Married,Spain
7143,74805,820,26,59,0,Undergraduate,Single,Spain
1729,66426,1377,20,53,0,PhD,Single,Spain
10664,51529,467,17,65,0,Master,Single,Spain
5029,18100,14,4,68,0,Bsc,Married,Spain
10507,59601,797,15,37,1,Undergraduate,Divorced,United State
3865,20981,73,7,37,0,Undergraduate,Single,Canada
6982,74068,1581,24,38,0,Bsc,Married,India
7042,36790,66,6,31,0,Bsc,Married,Spain
9668,18793,77,9,43,0,Bsc,Married,South Africa
6878,27421,324,14,60,0,Bsc,Single,Spain
4099,30675,62,5,42,0,Bsc,Married,Spain
5031,83145,1833,26,40,1,Bsc,Single,Spain
1970,34053,103,7,46,0,Master,Single,Spain
5726,31788,60,10,31,0,Master,Single,South Africa
5231,45894,51,5,40,0,Undergraduate,Married,Spain
1307,41986,63,10,36,0,Bsc,Divorced,Spain
10609,42769,88,8,52,0,PhD,Married,Canada
5782,58582,763,22,32,1,Undergraduate,Single,Spain
7533,49096,187,13,50,0,Bsc,Married,Canada
9493,76412,1808,18,34,2,PhD,Single,Canada
2253,18929,85,6,24,0,Bsc,Married,Spain
2326,18929,85,6,24,0,Bsc,Married,Spain
1876,18929,85,6,24,0,Bsc,Married,India
7141,21888,213,12,28,0,Master,Single,Spain
7393,41580,92,9,36,0,Bsc,Single,Spain
4713,31605,125,9,35,0,PhD,Married,Spain
5093,25509,101,9,40,0,PhD,Divorced,Spain
8524,25509,101,9,40,0,PhD,Divorced,Spain
3766,33051,835,21,55,0,Master,Single,Spain
9725,28764,12,4,48,1,PhD,Single,Spain
8933,32146,66,8,31,0,Undergraduate,Married,Canada
10779,22148,49,5,31,0,Bsc,Single,Spain
9289,36781,63,6,35,0,Bsc,Married,Spain
2613,54197,237,12,54,0,Master,Married,Spain
10133,93790,2349,25,44,3,Bsc,Single,Canada
8443,24762,86,9,42,1,Bsc,Single,South Africa
10796,30477,66,6,30,0,Master,Married,India
10241,11448,14,4,39,0,Undergraduate,Divorced,Spain
3388,70844,294,17,47,0,Bsc,Divorced,Germany
6507,30828,56,8,34,0,Bsc,Single,Australia
7446,62513,716,22,47,0,Master,Single,United State
87,27733,57,7,33,0,Undergraduate,Married,Germany
10477,39435,102,7,41,0,PhD,Single,Spain
6072,75345,2087,20,44,1,Master,Single,Spain
2518,20491,30,4,28,0,Undergraduate,Single,Germany
247,36715,357,19,43,0,Bsc,Married,Spain
9463,71706,1443,25,55,0,Bsc,Single,Canada
1459,69063,928,14,48,0,PhD,Married,Spain
9530,24645,17,4,26,0,Bsc,Married,South Africa
9653,35797,68,7,39,0,Bsc,Married,South Africa
10785,44078,41,7,45,0,Bsc,Married,South Africa
9392,26954,17,4,43,0,Bsc,Single,Spain
3769,51381.5,42,5,42,0,PhD,Single,Australia
10146,38887,42,5,42,0,PhD,Single,Australia
4741,65463,562,19,40,1,Undergraduate,Married,Spain
1880,53537,93,8,55,0,PhD,Single,India
6471,36230,59,7,43,0,Master,Single,Spain
5718,80763,1415,23,64,2,Bsc,Married,South Africa
3478,60585,736,30,43,0,PhD,Married,Canada
7848,49166,368,13,40,0,Bsc,Single,India
7999,75261,1743,17,59,2,PhD,Single,Spain
11101,89891,836,26,23,1,Bsc,Single,Australia
9212,72828,1678,28,52,0,Master,Married,Spain
10983,75278,930,23,62,0,Bsc,Single,South Africa
3629,38557,145,9,36,0,Bsc,Single,Canada
4673,81300,1241,21,51,1,PhD,Married,Spain
796,60161,1071,26,49,0,Undergraduate,Divorced,Canada
618,69389,797,22,37,0,PhD,Married,Australia
380,64497,1804,29,60,1,Bsc,Divorced,South Africa
1092,61014,1147,20,34,0,Bsc,Married,India
8962,44319,37,7,39,0,Master,Married,South Africa
8207,53233,40,5,57,0,Undergraduate,Married,Canada
6521,77972,1101,20,60,0,Bsc,Single,South Africa
535,81361,778,27,27,0,Bsc,Divorced,Germany
4608,81361,778,27,27,0,Bsc,Divorced,South Africa
11086,25707,21,5,30,0,Basic,Single,Spain
1064,42403,42,5,43,0,PhD,Married,Spain
7000,65704,817,23,42,0,Undergraduate,Single,Germany
1581,37406,17,4,34,0,Bsc,Married,Spain
7384,39767,485,17,63,0,Master,Single,Spain
10552,54210,367,14,35,0,Undergraduate,Married,Spain
6409,57136,1179,20,47,0,Bsc,Divorced,South Africa
9507,40794,434,16,39,0,Bsc,Married,Spain
9560,83003,1674,22,49,1,Bsc,Single,Spain
10991,89058,850,14,54,0,Master,Married,Canada
4712,20193,82,7,23,0,Undergraduate,Single,Spain
11056,72099,1188,18,40,0,Bsc,Married,Spain
7414,43824,186,12,43,0,Bsc,Married,Spain
3076,66653,612,22,39,0,Bsc,Single,Australia
6355,44359,45,9,36,0,Bsc,Married,Spain
7959,79410,1370,11,53,0,Bsc,Married,Spain
5512,55842,518,17,37,0,Master,Married,Spain
10102,79946,1478,22,48,0,Bsc,Single,South Africa
9369,88194,1274,32,35,2,Undergraduate,Single,Germany
3711,80184,1902,20,69,2,Master,Married,Spain
6931,76982,1062,16,47,1,Bsc,Divorced,Spain
9596,65295,664,20,34,0,PhD,Single,United State
2727,57100,409,13,41,0,Bsc,Single,South Africa
8416,29009,44,7,33,0,Bsc,Married,United State
3967,78931,943,24,43,0,PhD,Married,Canada
2139,7500,31,8,39,0,Master,Married,Australia
2162,56939,561,18,38,0,Bsc,Married,Spain
9242,64509,1722,19,24,1,Bsc,Single,South Africa
10595,30093,69,6,24,0,Bsc,Married,Spain
4855,30351,46,6,40,0,PhD,Single,United State
5049,30351,46,6,40,0,PhD,Single,Spain
4967,38201,268,15,54,0,PhD,Single,South Africa
5255,51381.5,637,27,28,0,Bsc,Single,Australia
9215,43974,551,21,34,0,PhD,Married,Canada
3525,38200,17,4,44,0,Bsc,Single,Spain
3619,87305,1152,17,54,1,Undergraduate,Divorced,Australia
4415,16860,38,8,53,0,Bsc,Married,Spain
3645,27213,70,9,42,0,PhD,Single,Spain
4692,7500,71,12,38,1,Bsc,Married,Australia
3955,4861,6,0,49,0,Bsc,Divorced,South Africa
5313,38196,44,9,43,0,Master,Married,Spain
7196,41145,13,4,64,0,PhD,Married,Canada
1381,38513,324,17,32,0,PhD,Single,Spain
10951,45688,306,14,46,1,Bsc,Married,Spain
4322,77863,1291,20,56,0,PhD,Single,Spain
7444,42169,30,6,45,0,Master,Married,Spain
2942,45906,486,15,50,1,Bsc,Single,Spain
2874,35388,32,5,26,0,Undergraduate,Divorced,South Africa
3667,80952,1757,25,45,3,Bsc,Married,Germany
3697,39898,134,9,60,0,Bsc,Single,Canada
9955,39898,134,9,60,0,Bsc,Single,Spain
5320,44051,171,12,41,0,Master,Divorced,South Africa
6422,86718,1270,17,60,0,Bsc,Married,India
3690,80141,2091,22,28,1,Master,Married,Spain
2408,58597,733,32,38,0,Bsc,Married,India
9260,70356,1706,27,69,0,PhD,Married,Canada
9648,46904,253,14,47,0,Bsc,Single,Spain
4939,37760,317,13,68,0,Bsc,Single,United State
8652,37760,317,13,68,0,Bsc,Single,South Africa
4702,61839,1895,17,50,0,Bsc,Single,Spain
2587,29791,20,7,42,0,PhD,Married,Australia
2811,48918,62,7,51,0,PhD,Single,Spain
9150,48918,62,7,51,0,PhD,Single,Spain
10127,58692,395,15,49,0,Bsc,Married,Canada
5493,39356,23,4,38,1,Bsc,Married,Spain
2666,76234,907,23,42,1,Master,Married,Canada
10099,55434,882,24,30,0,Bsc,Married,South Africa
10562,66835,1033,24,68,0,Master,Married,India
7881,66835,1033,24,68,0,Master,Married,Spain
6721,71965,1213,17,63,0,Bsc,Married,Canada
5204,74538,1461,22,43,1,Bsc,Single,Spain
5209,50002,638,19,60,0,Bsc,Divorced,South Africa
10128,53977,907,27,56,0,Bsc,Single,Canada
9284,53977,907,27,56,0,Bsc,Single,Spain
8643,69930,1662,22,43,0,Bsc,Single,India
1685,62981,1482,23,47,1,PhD,Single,Canada
2877,46014,541,26,40,0,Master,Single,South Africa
8369,18227,28,4,27,0,Bsc,Single,Spain
6233,65991,971,27,38,0,Bsc,Married,Spain
195,38808,246,14,42,1,Bsc,Single,Spain
1501,160069.2699999999,1717,44,32,0,PhD,Married,United State
10846,43783,629,22,36,1,Master,Married,Canada
8341,30396,34,6,45,1,PhD,Married,Spain
10766,65526,506,17,50,0,PhD,Married,Spain
9971,65526,506,17,50,0,PhD,Married,South Africa
1740,55956,999,16,69,1,Bsc,Married,Spain
8737,55563,43,6,36,0,Bsc,Divorced,Spain
6466,57236,121,10,49,0,PhD,Married,Spain
10430,89694,1472,14,41,3,Bsc,Divorced,Australia
8773,57420,322,15,43,1,Master,Single,United State
2371,33622,81,9,42,0,Bsc,Married,Germany
7786,29999,160,12,28,0,PhD,Single,Spain
4088,31497,155,10,52,0,PhD,Single,Spain
4971,31497,155,10,52,0,PhD,Single,South Africa
10560,36802,20,5,34,0,PhD,Single,Spain
6892,61671,732,28,46,2,Bsc,Divorced,Spain
11004,60182,22,4,69,0,Undergraduate,Single,South Africa
1818,29732,38,5,43,0,PhD,Single,Canada
9485,45921,199,10,28,0,PhD,Married,South Africa
6646,16529,22,5,30,0,Bsc,Single,Canada
4248,98777,2008,19,54,1,Master,Single,Spain
7451,98777,2008,19,54,1,Master,Single,Spain
7861,77027,1175,19,62,0,Master,Married,Spain
5232,69139,227,11,49,0,Bsc,Married,Spain
3011,69139,227,11,49,0,Bsc,Married,South Africa
5758,65169,1189,28,32,4,Bsc,Married,Spain
2173,40049,32,5,62,0,Bsc,Single,Spain
10711,69755,894,22,69,0,Bsc,Married,South Africa
8268,51381.5,404,17,53,0,PhD,Married,Canada
2782,54456,404,17,53,0,PhD,Married,Spain
9432,160069.2699999999,62,11,37,0,Bsc,Single,South Africa
5872,60689,639,22,63,0,Bsc,Single,United State
11187,26487,69,9,36,0,Basic,Single,Canada
2428,28164,78,9,44,0,Bsc,Married,Germany
1726,22585,81,5,44,1,Bsc,Single,Spain
1802,64795,680,21,43,0,Bsc,Married,Spain
1162,42000,653,20,27,0,PhD,Single,Spain
10643,42000,653,20,27,0,PhD,Single,Australia
11112,70713,1477,25,48,0,Bsc,Single,Spain
2114,82800,1315,26,68,2,PhD,Single,United State
4261,82800,1315,26,68,2,PhD,Single,South Africa
2457,30801,45,6,39,0,Basic,Married,Spain
2495,83891,816,22,40,0,Master,Married,Spain
6983,38054,45,7,64,0,Master,Divorced,India
3436,14045,20,5,45,0,Bsc,Married,Spain
7505,44155,46,5,57,0,PhD,Married,Spain
4286,57642,679,22,44,1,PhD,Single,India
7224,31353,31,6,37,0,Bsc,Married,India
6215,31353,31,6,37,0,Bsc,Married,South Africa
968,41335,187,12,46,0,Master,Divorced,Australia
4096,41335,187,12,46,0,Master,Divorced,United State
3153,40737,17,4,57,0,PhD,Single,South Africa
6504,19789,78,9,39,1,Undergraduate,Single,Spain
5329,35946,11,4,65,0,PhD,Divorced,Australia
1175,36262,426,12,31,1,Master,Married,Spain
1377,44551,285,12,60,0,Master,Single,South Africa
4607,71367,777,17,55,0,Bsc,Single,Spain
4944,71367,777,17,55,0,Bsc,Single,Spain
9483,57957,637,25,55,0,Bsc,Single,Canada
1378,50334,694,23,42,0,Undergraduate,Single,South Africa
5991,48150,266,13,65,0,Master,Married,Germany
2807,56796,1001,27,45,0,Bsc,Married,Spain
1052,56796,1001,27,45,0,Bsc,Married,Australia
9760,52278,1198,31,51,0,PhD,Single,South Africa
7101,52278,1198,31,51,0,PhD,Single,Spain
9909,7500,122,10,18,0,Undergraduate,Married,Australia
5907,33444,18,4,62,0,Master,Married,Spain
793,20895,45,6,41,0,Bsc,Married,Australia
8832,37509,123,9,38,0,Master,Single,Germany
2535,88097,844,20,36,3,Master,Married,Spain
1523,59041,96,8,41,0,Bsc,Married,South Africa
1839,43322,141,8,40,0,Bsc,Single,India
9972,46015,46,5,59,2,PhD,Single,South Africa
2945,46015,46,5,59,2,PhD,Single,Canada
9291,34242,15,4,55,0,Master,Married,Spain
2829,65210,731,22,59,2,Bsc,Married,Canada
8594,50520,135,9,56,0,PhD,Single,Spain
1592,90765,1724,15,44,2,Bsc,Married,Canada
4310,80589,1428,21,69,1,Bsc,Married,Australia
6950,49572,54,7,56,0,Master,Married,Canada
8492,75437,1493,23,36,1,Bsc,Single,Spain
5684,44635,68,7,43,0,Master,Divorced,Spain
5909,58512,1171,20,50,0,Bsc,Married,Germany
9855,62000,1020,26,62,1,PhD,Single,Spain
975,54252,264,15,58,0,Bsc,Single,Australia
8754,45068,20,4,40,0,PhD,Single,Spain
1456,60474,1180,31,35,0,Bsc,Single,India
2849,60474,1180,31,35,0,Bsc,Single,Canada
9984,56337,724,22,33,2,Undergraduate,Married,Spain
5527,22434,58,7,27,0,Bsc,Single,Spain
5628,61416,1665,24,32,1,Bsc,Single,United State
7627,92163,2086,21,39,2,Master,Married,Spain
1351,58656,1220,32,58,1,Master,Single,Spain
10629,51381.5,109,9,41,0,Undergraduate,Married,Germany
10395,8940,101,10,28,0,Basic,Single,Spain
6961,26751,11,4,40,0,Bsc,Married,Spain
10196,71427,614,20,36,0,Bsc,Married,United State
6182,26646,53,8,30,0,Bsc,Single,United State
10432,19346,22,5,40,0,Bsc,Divorced,Canada
1542,56243,396,20,39,0,Bsc,Single,United State
4220,59892,87,7,44,0,PhD,Married,Canada
4141,71613,776,21,49,0,Bsc,Single,United State
1940,25252,18,4,28,0,Bsc,Married,Australia
1506,42160,140,11,39,0,Bsc,Single,Spain
6347,15862,36,5,35,0,Basic,Single,Spain
1361,82584,1435,16,40,2,Master,Married,Spain
9422,38360,131,9,25,0,Bsc,Married,Australia
1081,75283,1019,25,57,0,PhD,Married,South Africa
7458,34941,97,8,58,0,Master,Single,Australia
1012,61823,884,24,62,0,Bsc,Single,Australia
5453,90226,2352,24,58,1,Master,Married,South Africa
6818,44989,369,16,40,0,Bsc,Married,Spain
7807,44989,369,16,40,0,Bsc,Married,Spain
7532,43586,132,10,34,0,Bsc,Married,Germany
8346,32233,296,12,40,1,Bsc,Single,Spain
5564,62882,1338,20,45,0,Bsc,Single,Australia
3267,57288,608,20,51,1,Master,Single,Canada
3091,75774,823,21,33,0,Undergraduate,Single,South Africa
762,75774,823,21,33,0,Undergraduate,Single,Spain
8029,90247,1621,15,26,3,Master,Single,United State
4376,32218,93,7,54,1,Undergraduate,Single,Spain
10981,84219,1198,18,26,0,Bsc,Married,South Africa
486,84219,1198,18,26,0,Bsc,Married,Canada
1158,48877,144,8,48,0,Bsc,Divorced,Spain
9119,60905,392,15,64,0,Bsc,Single,United State
6694,75236,1068,25,50,0,Bsc,Married,Spain
10573,62551,421,18,61,1,Bsc,Divorced,India
10140,70123,1727,17,31,2,PhD,Single,India
2286,50785,114,8,52,0,Bsc,Single,Canada
8420,15315,64,8,44,0,Undergraduate,Married,Spain
10065,15315,64,8,44,0,Undergraduate,Married,Spain
1029,64413,279,12,44,0,PhD,Single,Spain
4207,87171,1298,25,33,2,PhD,Married,Spain
10277,30081,42,5,53,0,Bsc,Single,Spain
4436,20180,137,8,38,0,Bsc,Single,Spain
2929,20180,137,8,38,0,Bsc,Single,Spain
6281,55686,982,16,48,1,Bsc,Divorced,Spain
10390,26887,30,5,55,0,Undergraduate,Married,Spain
2574,61996,1230,21,37,3,PhD,Married,Spain
709,51537,1103,18,62,0,Bsc,Divorced,South Africa
5955,72025,1932,16,52,0,Bsc,Single,Spain
8486,30538,367,17,43,0,Master,Single,Spain
10343,61618,1345,19,23,0,Undergraduate,Single,India
6652,77343,1134,17,49,0,Bsc,Married,Canada
8746,75433,1188,19,25,2,Bsc,Married,Spain
4686,82571,1686,24,52,1,PhD,Single,Spain
3551,60033,198,10,60,0,Master,Single,Spain
4338,39062,44,5,31,1,Bsc,Single,Spain
4444,30023,61,6,42,0,Bsc,Married,Spain
498,30015,57,7,44,0,Bsc,Single,Spain
8230,33228,71,6,34,0,Bsc,Married,Spain
2826,22574,37,7,47,0,Bsc,Married,Spain
6222,22574,37,7,47,0,Bsc,Married,Spain
7352,55267,405,17,57,0,Bsc,Married,Canada
10928,66886,599,17,56,0,Bsc,Single,Spain
10736,72258,1525,22,43,0,Bsc,Single,Canada
10163,82733,1323,20,30,0,PhD,Single,Spain
6168,45146,53,6,51,0,Bsc,Divorced,India
4656,51250,710,24,24,1,Undergraduate,Single,South Africa
626,32871,43,5,63,0,Bsc,Married,United State
3870,63855,1006,24,36,0,Undergraduate,Single,Germany
6299,42564,813,24,46,1,PhD,Divorced,Canada
7798,46344,429,17,42,0,Undergraduate,Single,Canada
9973,50437,490,19,51,0,Bsc,Married,Spain
4299,70971,1825,34,54,0,Bsc,Single,Spain
10971,37774,473,16,37,1,Bsc,Single,Spain
9931,4023,9,15,51,0,PhD,Married,Spain
6679,33279,16,4,48,0,Bsc,Single,Spain
5961,42693,57,5,36,0,Bsc,Married,Spain
6255,70545,334,13,62,0,Master,Single,Australia
8614,65486,507,17,57,0,Bsc,Single,Australia
7828,77882,818,12,33,0,Master,Single,South Africa
1277,78468,1004,28,54,1,Bsc,Single,United State
3595,77226,1138,28,51,0,Bsc,Single,Spain
5735,90638,2525,18,23,1,Master,Single,Spain
5350,90638,2525,18,23,1,Master,Single,South Africa
4137,70666,1076,16,66,0,Bsc,Single,Australia
6357,59052,491,18,55,0,Undergraduate,Divorced,South Africa
9316,13084,29,5,62,0,Basic,Single,United State
3578,49160,236,12,65,0,Bsc,Divorced,Spain
153,23272,46,5,61,0,Bsc,Divorced,Spain
10524,49476,795,22,51,0,Master,Divorced,Canada
1518,62694,749,24,49,0,Master,Married,Spain
2036,57906,401,17,41,0,PhD,Single,India
9495,71853,1149,17,32,0,Bsc,Single,Spain
2631,71853,1149,17,32,0,Bsc,Single,Spain
6312,65031,863,30,55,0,Bsc,Married,Germany
615,30507,343,11,54,0,Bsc,Single,Spain
4406,67419,1471,25,44,0,Bsc,Single,Canada
10061,59462,1088,25,64,0,Bsc,Married,United State
10619,95529,1990,18,20,1,Bsc,Single,South Africa
4945,53653,1210,28,61,0,Bsc,Single,Spain
1777,25965,74,6,34,0,Basic,Married,Spain
4023,22979,115,10,44,0,Bsc,Married,Spain
7922,64950,966,25,63,1,PhD,Single,South Africa
10699,44322,92,8,29,0,Bsc,Married,South Africa
7516,30096,45,6,31,0,Bsc,Married,Germany
3129,30096,45,6,31,0,Bsc,Married,Spain
5121,56628,761,20,37,1,Bsc,Single,Canada
2186,82326,2257,22,37,3,Undergraduate,Single,Spain
10548,71163,960,24,19,0,Bsc,Single,Germany
6384,71022,1453,21,36,1,Bsc,Divorced,United State
2625,42607,350,14,60,0,Undergraduate,Single,South Africa
1676,43057,266,15,39,0,Bsc,Married,Spain
5534,47808,224,10,39,1,Master,Married,Spain
6859,29236,99,9,27,0,Bsc,Single,Spain
271,40590,258,15,45,1,Bsc,Single,Canada
7699,40590,258,15,45,1,Bsc,Single,Canada
7832,77520,1526,23,55,3,Master,Married,Spain
938,40211,87,7,33,1,Bsc,Married,Spain
7873,63516,300,16,41,0,PhD,Single,Canada
9967,53034,447,22,40,0,Bsc,Divorced,United State
1087,22669,173,10,39,0,Master,Single,Spain
8314,79908,1772,19,32,1,Bsc,Married,Spain
3762,69867,925,17,28,1,PhD,Single,South Africa
10383,70287,1093,21,48,0,Bsc,Divorced,Australia
6798,37070,433,23,48,0,Bsc,Single,South Africa
4168,37070,433,23,48,0,Bsc,Single,Spain
6690,38179,90,11,48,0,Master,Married,South Africa
10602,39922,156,9,31,0,Bsc,Married,India
3220,39922,156,9,31,0,Bsc,Married,Germany
5424,39922,156,9,31,0,Bsc,Married,South Africa
7488,64191,825,24,51,0,Master,Single,Spain
5289,41658,72,6,39,0,Undergraduate,Single,Australia
347,40780,377,17,38,0,Bsc,Divorced,Canada
5236,77568,2194,21,35,3,Bsc,Single,Spain
9478,66503,401,15,29,0,Bsc,Single,Spain
477,83512,2157,22,28,4,Bsc,Married,Spain
7411,31686,17,6,50,0,PhD,Married,South Africa
3107,71322,350,13,38,0,Bsc,Single,Australia
7437,27938,29,6,26,0,Bsc,Single,Australia
255,22263,21,6,63,0,Bsc,Divorced,Spain
3790,34633,15,4,58,0,Bsc,Single,South Africa
749,42162,145,9,33,1,Bsc,Single,Spain
1503,160069.2699999999,107,1,38,0,PhD,Single,Spain
8650,54162,42,5,36,0,Bsc,Single,Spain
607,41769,521,22,59,0,Undergraduate,Divorced,India
1008,44953,1021,24,33,1,PhD,Single,Germany
9396,37717,25,4,36,0,PhD,Married,South Africa
933,37717,25,4,36,0,PhD,Married,Spain
5710,40548,120,9,44,1,Bsc,Single,Australia
2882,67893,995,16,39,0,Undergraduate,Divorced,South Africa
2379,69267,1635,14,61,0,Bsc,Single,South Africa
5342,9548,29,6,38,0,Basic,Divorced,Canada
3262,68281,1655,25,56,0,Bsc,Single,Spain
5832,92556,1263,21,54,0,Undergraduate,Single,Spain
5025,48526,135,8,35,0,Bsc,Single,Spain
569,90273,1991,19,23,3,Bsc,Single,Spain
3102,19414,32,5,33,0,Undergraduate,Single,Canada
9449,79761,605,19,56,0,PhD,Single,South Africa
8104,53312,278,12,63,0,PhD,Married,Spain
75,41039,467,15,32,0,Undergraduate,Single,United State
6421,88347,2116,21,53,1,Bsc,Single,Spain
3037,50150,410,16,31,0,PhD,Married,Canada
4698,50150,410,16,31,0,PhD,Married,Spain
948,10245,41,8,43,0,Bsc,Single,Spain
6177,33454,169,10,29,0,PhD,Married,United State
3517,40887,161,10,62,0,Bsc,Single,Spain
3491,55914,1260,29,39,0,Bsc,Single,United State
7610,37292,460,19,31,0,Bsc,Single,Spain
4377,52914,575,15,43,1,Bsc,Married,Canada
9850,24884,19,4,42,0,Undergraduate,Married,Spain
5544,67384,1490,22,44,1,Bsc,Single,Spain
6497,51651,433,17,54,0,Bsc,Married,Australia
4543,82497,1919,19,34,1,Bsc,Married,South Africa
5117,32632,576,18,51,0,Undergraduate,Married,Spain
1448,33562,51,9,51,0,Master,Married,India
6887,79146,564,19,47,0,Bsc,Single,Germany
7500,79146,564,19,47,0,Bsc,Single,Spain
2724,36143,19,4,33,0,Master,Single,Spain
2256,27159,21,6,41,0,Master,Married,Spain
1100,41275,61,11,54,0,Master,Single,Canada
7725,76800,641,16,49,0,Undergraduate,Married,India
2612,75794,1682,25,27,1,Bsc,Married,South Africa
113,30833,28,6,63,0,Bsc,Married,Spain
2868,26518,57,8,65,0,PhD,Single,United State
4216,91065,1474,26,33,2,Bsc,Single,Spain
199,45183,315,13,52,1,Master,Single,Canada
359,48070,504,19,64,0,Bsc,Single,Spain
8842,30372,44,8,43,0,Bsc,Single,Spain
2154,30372,44,8,43,0,Bsc,Single,Spain
6050,57036,1513,26,39,1,Undergraduate,Married,India
9204,66731,1029,17,44,0,Bsc,Single,Spain
4472,35682,57,6,44,0,PhD,Divorced,Australia
6864,10979,30,8,25,0,Master,Divorced,Australia
10617,10979,30,8,25,0,Master,Divorced,Spain
3924,57912,916,28,49,1,PhD,Divorced,South Africa
5654,36026,61,7,42,0,Bsc,Married,Australia
9216,35788,44,7,43,0,Bsc,Married,Canada
8086,42243,55,7,55,0,Bsc,Married,South Africa
9097,46086,343,16,58,0,Bsc,Divorced,Spain
7631,61346,989,23,36,0,Master,Single,India
7275,33316,131,10,43,0,Master,Single,United State
8334,33316,131,10,43,0,Master,Single,Spain
1987,21063,59,7,27,0,Basic,Single,Spain
2281,33697,28,4,44,1,Bsc,Single,Germany
7034,25804,55,7,36,0,Undergraduate,Married,Canada
2797,72117,1073,26,37,0,Bsc,Married,Spain
3934,61286,608,18,48,0,Bsc,Married,India
2493,61286,608,18,48,0,Bsc,Married,Germany
3759,65196,1155,26,56,1,Bsc,Single,Spain
965,55635,590,21,43,0,Bsc,Divorced,United State
7378,42021,573,22,33,1,Master,Single,Spain
1859,75251,1890,19,42,0,Master,Married,Germany
6263,35322,106,9,46,0,Bsc,Single,Spain
2072,53374,1064,21,45,1,PhD,Single,Canada
8908,87195,1097,20,55,0,Bsc,Married,Canada
738,42395,182,12,33,0,Undergraduate,Single,India
10129,82427,1456,21,48,1,Bsc,Single,Spain
807,44602,292,17,45,0,Master,Single,India
3334,94642,2211,21,63,2,Bsc,Married,Spain
5423,28359,16,4,31,0,Bsc,Single,South Africa
4426,55801,527,21,39,1,Bsc,Single,United State
10489,92955,1778,23,41,2,Bsc,Married,South Africa
2570,56534,815,25,46,2,Bsc,Single,Spain
3834,69627,861,23,52,0,Bsc,Single,United State
590,78579,1812,16,44,0,Master,Divorced,Spain
4791,44964,41,5,34,0,Bsc,Single,Australia
5304,30899,33,6,40,0,PhD,Single,South Africa
2426,78825,895,29,50,0,PhD,Divorced,Spain
35,25545,210,10,27,0,Bsc,Married,Spain
8041,47111,1092,21,43,0,PhD,Single,South Africa
3584,49667,1396,22,59,1,PhD,Single,Canada
7718,66000,711,10,67,0,Master,Single,Spain
8605,46910,68,7,50,0,PhD,Single,Spain
1646,25224,46,7,42,0,Basic,Married,Canada
9206,77382,1121,26,46,1,Bsc,Single,Spain
10757,28420,13,4,47,0,PhD,Divorced,Spain
6885,32952,55,6,37,0,Bsc,Divorced,Canada
907,46149,362,18,39,0,Bsc,Married,Spain
1150,83532,1853,15,69,1,PhD,Single,Spain
3867,73059,1095,26,67,0,PhD,Single,Spain
3859,73059,1095,26,67,0,PhD,Single,South Africa
3265,35701,46,5,55,0,Bsc,Married,Spain
4418,89616,1644,25,31,0,Master,Single,Canada
4611,105471,1724,30,44,2,Bsc,Single,Spain
4530,78427,1930,23,66,1,Master,Single,Germany
7736,22518,61,7,28,1,Bsc,Married,Spain
9949,59809,877,15,38,0,Bsc,Married,Canada
942,39660,299,14,32,0,Bsc,Single,Spain
6181,52203,939,27,64,0,Undergraduate,Single,United State
7660,35860,49,6,41,1,PhD,Married,Canada
2055,35860,49,6,41,1,PhD,Divorced,Spain
5107,35860,49,6,41,1,PhD,Divorced,Spain
1626,35860,49,6,41,1,PhD,Divorced,South Africa
6428,76842,1130,17,64,0,PhD,Single,Spain
9617,15033,19,5,63,0,Bsc,Single,South Africa
4339,67353,913,28,44,0,PhD,Married,Australia
7235,17003,38,9,39,0,Undergraduate,Married,Germany
8527,65735,395,19,49,0,Master,Single,Spain
1968,45684,28,4,43,0,Bsc,Single,South Africa
9862,21918,33,7,45,0,Bsc,Single,Canada
11075,51267,270,15,36,0,Bsc,Married,Canada
6658,59868,1194,32,42,0,Bsc,Single,Spain
4552,51373,393,12,23,0,Bsc,Married,Spain
10377,46692,397,15,56,0,Master,Single,Spain
5336,157733,59,2,43,0,Master,Single,Spain
10350,54432,38,5,64,0,PhD,Married,Spain
11071,79607,1923,16,30,0,Bsc,Single,Canada
11100,51813,63,7,42,0,Bsc,Divorced,Canada
6516,17487,18,4,25,0,Basic,Married,Australia
1734,40706,81,11,46,0,PhD,Single,South Africa
2131,62859,1307,23,55,0,PhD,Divorced,Spain
6439,61074,1102,31,56,0,Bsc,Married,South Africa
10591,43638,201,11,45,0,Bsc,Single,Spain
9797,58116,443,16,58,0,Bsc,Married,Spain
9336,62187,636,21,45,0,PhD,Single,Spain
2174,46344,27,6,60,0,Bsc,Single,United State
3197,77353,670,20,34,0,Bsc,Married,Spain
9185,69759,1029,18,48,0,PhD,Single,Spain
905,21846,84,11,28,0,Bsc,Divorced,South Africa
10858,76532,820,25,39,0,Bsc,Single,Spain
8925,70053,1012,26,49,0,Master,Married,Spain
2499,75342,563,18,56,0,Undergraduate,Single,Spain
1109,27590,12,4,32,0,Master,Single,Spain
326,51148,315,16,41,0,Bsc,Married,India
10967,33378,99,9,51,0,Bsc,Divorced,South Africa
5370,32644,413,18,41,1,PhD,Married,Spain
2098,33581,17,4,45,0,PhD,Married,Spain
1773,12393,57,6,36,0,Undergraduate,Married,South Africa
5036,42710,406,14,30,0,PhD,Single,Spain
4856,82347,1853,25,57,2,Undergraduate,Married,India
8722,82347,1853,25,57,2,Undergraduate,Married,Canada
2156,22554,41,10,59,0,PhD,Married,Spain
2569,17323,46,5,27,0,Bsc,Married,United State
10151,62204,946,22,54,0,Bsc,Divorced,Spain
10473,78028,528,20,58,2,PhD,Single,Spain
7079,63887,1245,32,52,0,Bsc,Divorced,South Africa
6875,32727,529,17,49,0,PhD,Single,Canada
6728,29103,48,6,29,0,Bsc,Single,Spain
2471,61482,299,12,49,0,Bsc,Married,South Africa
49,20587,25,5,44,0,Bsc,Single,Canada
4973,20587,25,5,44,0,Bsc,Single,Canada
6387,52190,77,9,38,1,PhD,Single,South Africa
5866,48186,219,12,40,0,Bsc,Single,Spain
8523,19329,60,10,46,0,Bsc,Married,Canada
7901,34109,22,4,43,0,Master,Married,Australia
898,23477,147,10,28,0,Bsc,Married,Spain
10242,47472,75,8,48,0,PhD,Single,Spain
5835,14849,65,9,38,0,PhD,Divorced,Spain
6919,26224,63,9,36,0,Undergraduate,Married,Spain
6197,27238,57,9,52,0,PhD,Single,Spain
10475,51381.5,317,14,44,0,Master,Single,United State
4201,57967,468,19,52,0,Bsc,Single,India
5092,51569,467,19,65,1,PhD,Single,Spain
6566,72550,1319,28,60,0,PhD,Married,Australia
6613,44511,727,26,44,0,Master,Married,Australia
9094,62972,587,16,59,0,Undergraduate,Married,Spain
9847,62972,587,16,59,0,Undergraduate,Married,Spain
10767,77845,1346,21,25,2,PhD,Single,United State
7943,36663,35,6,39,0,PhD,Married,South Africa
1055,53204,45,5,38,0,Master,Married,Germany
1458,21059,44,9,32,0,Master,Married,Spain
8402,67087,794,22,61,0,Master,Married,Australia
6246,73892,1507,23,61,0,Bsc,Single,Canada
4654,75114,1253,19,22,0,Bsc,Single,South Africa
6103,42192,100,7,66,0,Bsc,Married,Australia
8147,31454,48,8,54,0,Bsc,Married,Spain
10207,22775,15,4,36,0,Bsc,Single,South Africa
4838,22775,15,4,36,0,Bsc,Single,India
10219,31590,38,5,42,0,Bsc,Single,Canada
2176,80134,1690,16,42,3,Bsc,Married,South Africa
9121,80134,1690,16,42,3,Bsc,Married,Australia
5802,14188,75,7,42,0,Basic,Married,Germany
10790,18169,21,4,29,0,PhD,Married,Spain
178,62503,973,26,58,0,Bsc,Married,Spain
2308,46734,330,14,60,0,Bsc,Married,Spain
7431,68126,1820,17,23,1,PhD,Single,Canada
9405,52869,172,11,60,0,PhD,Married,South Africa
10525,26576,27,4,28,1,Bsc,Single,Spain
7503,75825,2209,22,38,1,Bsc,Single,Germany
8783,57045,454,18,64,0,Bsc,Married,Australia
1403,34984,38,6,39,0,Undergraduate,Single,Spain
4643,27803,176,9,41,0,Bsc,Married,Australia
3463,69283,904,27,39,0,PhD,Married,India
4055,18746,64,8,22,0,Basic,Single,Spain
7010,70924,1363,20,49,1,Undergraduate,Married,Spain
4767,70924,1363,20,49,1,Undergraduate,Married,Spain
1927,69401,690,17,41,0,Undergraduate,Single,Germany
437,75012,1027,23,38,0,Master,Divorced,Australia
4331,85738,1371,21,36,2,Master,Single,Spain
4084,60934,873,23,39,0,Bsc,Single,Canada
8135,27161,52,5,28,0,Master,Married,South Africa
9750,64325,1307,23,53,0,PhD,Divorced,Spain
6682,18978,37,5,41,0,Basic,Married,Spain
10581,41124,506,21,37,0,Bsc,Married,Spain
3710,39684,81,7,30,0,PhD,Single,Spain
5207,53378,793,29,51,0,PhD,Married,Spain
9360,37040,316,12,32,0,Bsc,Married,United State
4679,78710,1092,28,37,0,Master,Married,Spain
1340,92910,1795,27,28,3,Bsc,Married,Spain
10839,36283,29,6,38,0,Bsc,Single,Canada
5303,79632,1113,20,40,0,PhD,Single,South Africa
9829,28587,78,9,36,0,Bsc,Single,Spain
10469,88325,1623,18,33,0,Bsc,Single,India
3602,51412,195,11,56,0,Master,Married,Spain
4756,63998,1168,25,62,0,Undergraduate,Divorced,Spain
8181,38593,177,11,36,0,Undergraduate,Single,Spain
6958,27889,26,5,37,0,Master,Married,Australia
10856,45889,46,5,34,0,Undergraduate,Single,Canada
3321,56575,542,20,47,0,PhD,Single,Canada
5394,16014,38,10,35,0,Basic,Single,Spain
433,61331,632,23,56,0,Master,Married,Canada
6320,70893,1508,23,38,0,Master,Single,Spain
5376,2447,1730,43,35,0,Bsc,Married,United State
1867,64849,1336,19,57,0,Bsc,Single,Spain
4324,42387,684,21,25,0,Bsc,Married,Spain
3661,80617,1435,19,19,0,Undergraduate,Single,India
521,54006,581,18,29,0,Bsc,Single,Spain
10403,16531,44,9,36,0,Bsc,Single,Canada
7186,30843,35,6,48,1,PhD,Single,India
4329,18988,16,6,30,0,PhD,Married,Australia
4394,81051,1501,23,49,2,PhD,Married,Spain
1717,39747,273,13,26,0,Bsc,Single,South Africa
1016,34554,55,7,55,0,PhD,Single,Canada
3783,52854,116,9,55,0,PhD,Married,South Africa
5848,81205,2009,19,44,3,Bsc,Single,India
10727,69084,1586,25,44,0,PhD,Married,Spain
5299,69084,1586,25,44,0,PhD,Married,Spain
6872,65352,405,16,40,0,PhD,Married,South Africa
1143,22063,55,7,42,0,Bsc,Married,Canada
10381,47691,21,4,35,0,Bsc,Single,Spain
11007,29187,34,5,46,0,PhD,Married,Spain
9145,72504,1478,22,42,0,Bsc,Single,Canada
5267,33986,44,5,44,0,Bsc,Divorced,Spain
9738,42386,100,7,28,0,Master,Single,South Africa
10212,42386,100,7,28,0,Master,Single,India
10010,36957,152,11,61,0,PhD,Divorced,Australia
10069,13724,58,5,26,1,Basic,Single,South Africa
2694,42664,24,5,47,0,Bsc,Married,Spain
10613,37334,62,11,56,0,PhD,Single,Spain
4646,78497,978,25,63,1,Undergraduate,Married,Canada
6935,78497,978,25,63,1,Undergraduate,Married,India
5596,58821,728,21,58,0,Undergraduate,Single,South Africa
1044,58398,596,20,61,0,Bsc,Single,Australia
9274,80950,1213,23,53,1,Master,Married,South Africa
9076,30732,185,13,34,0,PhD,Married,South Africa
4947,89572,2059,24,48,2,Undergraduate,Single,Spain
10176,57107,416,23,46,2,Bsc,Single,Spain
3507,76467,1575,14,44,0,Bsc,Single,United State
9235,51381.5,18,4,57,0,Bsc,Single,Germany
10341,51315,222,10,66,0,Bsc,Single,Australia
2639,43602,68,9,48,0,Bsc,Single,South Africa
6201,38643,49,7,36,0,Bsc,Single,Spain
7397,49090,688,21,63,0,Bsc,Single,Spain
2181,70617,1280,14,44,0,Bsc,Married,Spain
1204,67536,1829,30,44,1,PhD,Married,South Africa
1170,27573,244,14,39,0,Bsc,Married,Spain
8812,13533,48,7,35,0,Undergraduate,Divorced,Spain
4690,50725,586,21,61,0,Bsc,Married,Canada
1715,25851,48,7,36,0,Bsc,Single,Australia
10821,57113,263,16,36,0,Bsc,Married,Spain
6543,62847,1612,14,69,0,Master,Single,Canada
7119,68627,825,12,32,0,Bsc,Single,South Africa
3518,25271,50,5,31,0,Bsc,Married,India
1245,63810,1371,23,48,1,Bsc,Single,Spain
2561,63810,1371,23,48,1,Bsc,Single,Germany
9624,65488,963,14,56,0,PhD,Single,Spain
10509,36927,71,8,59,0,Master,Single,United State
7629,22108,31,7,37,0,Bsc,Married,Spain
7875,72025,1677,26,65,3,Bsc,Married,Australia
2815,33183,120,9,39,0,Bsc,Married,Spain
2936,23661,23,5,32,0,Master,Single,South Africa
3665,25315,54,9,37,0,Undergraduate,Single,Spain
10888,45938,636,20,53,0,Bsc,Single,United State
6637,66951,1117,15,26,0,Bsc,Single,India
5077,77298,969,24,35,0,Bsc,Single,Canada
6173,77298,969,24,35,0,Bsc,Single,Spain
3969,43018,133,7,40,0,Master,Single,Germany
4580,75759,2486,26,45,3,Bsc,Married,South Africa
663,33996,71,6,25,0,PhD,Single,Spain
8299,33996,71,6,25,0,PhD,Single,South Africa
8945,54137,203,11,44,0,Bsc,Divorced,South Africa
10870,61223,1341,18,47,0,Bsc,Married,South Africa
1184,69674,845,25,46,0,PhD,Divorced,South Africa
6141,49494,385,14,42,0,Master,Single,Canada
8825,51195,564,24,52,0,Bsc,Single,South Africa
2217,37284,23,4,39,0,Undergraduate,Married,India
4102,37284,23,4,39,0,Undergraduate,Married,Spain
4653,42011,189,12,36,0,Bsc,Single,South Africa
10092,70044,1504,26,60,0,Bsc,Divorced,Spain
5788,46053,209,12,42,0,Bsc,Single,Germany
4669,24480,102,10,33,0,Basic,Married,South Africa
6295,54233,981,26,37,0,Bsc,Married,Spain
7453,36130,488,21,60,1,Bsc,Single,Spain
10841,56559,484,18,39,0,PhD,Single,Spain
821,92859,2077,22,22,0,Master,Single,Canada
3933,44010,662,24,34,0,Bsc,Single,South Africa
1225,80124,1495,19,51,1,Bsc,Married,South Africa
7059,80124,1495,19,51,1,Bsc,Married,Spain
5633,50183,231,17,34,0,Bsc,Married,South Africa
843,64722,805,25,43,0,Bsc,Married,Spain
6211,37395,39,5,38,0,PhD,Single,Spain
7007,29543,63,8,46,0,Master,Married,Spain
9671,19514,69,10,46,1,Bsc,Married,Spain
8975,19514,69,10,46,1,Bsc,Married,Spain
6616,59481,461,16,39,0,Bsc,Single,Spain
6248,91712,2217,27,67,1,Master,Single,Spain
7428,80144,1367,19,39,0,Bsc,Single,Australia
3075,59973,382,15,42,0,PhD,Married,Spain
2937,68352,871,25,40,0,PhD,Single,Canada
203,81169,2089,22,39,0,Master,Single,Spain
2021,61456,1388,33,39,0,Bsc,Married,Spain
880,22634,96,6,48,0,Basic,Single,Spain
524,22634,96,6,48,0,Basic,Single,Australia
10837,23957,68,6,39,0,Bsc,Married,Canada
7011,33471,93,10,41,0,Bsc,Married,South Africa
4184,52157,265,12,64,0,PhD,Single,Spain
7679,30298,28,6,29,0,PhD,Single,Spain
7485,56551,138,10,64,0,PhD,Single,South Africa
7530,56551,138,10,64,0,PhD,Single,Spain
4369,65487,1169,17,57,0,Master,Widowed,Canada
10652,65487,1169,17,57,0,Master,Single,Canada
286,44213,152,12,62,0,Bsc,Single,Spain
5922,40344,218,12,40,0,PhD,Married,Spain
7250,57867,612,25,36,0,Bsc,Single,Canada
2478,25410,38,6,41,0,Bsc,Married,Spain
1160,13260,49,10,44,0,Bsc,Married,Spain
9214,42691,358,13,23,0,Bsc,Married,Spain
273,36138,151,13,44,1,Master,Married,Germany
851,57136,642,26,42,0,Master,Married,Canada
9729,58275,615,23,59,0,Bsc,Single,Germany
9665,54237,361,16,57,0,PhD,Divorced,South Africa
2620,34596,23,4,40,0,PhD,Married,South Africa
8254,34596,23,4,40,0,PhD,Married,Germany
3852,74881,964,27,53,0,Master,Single,India
1000,74881,964,27,53,0,Master,Single,Spain
3099,44267,310,16,44,0,Bsc,Divorced,Spain
6318,68487,1366,30,26,0,Bsc,Married,Canada
5396,68487,1366,30,26,0,Bsc,Married,Australia
7966,80982,1191,30,55,0,Bsc,Single,Spain
454,69508,1135,28,34,0,Bsc,Single,South Africa
309,63342,1101,19,53,1,PhD,Single,South Africa
3571,63342,1101,19,53,1,PhD,Single,Spain
8395,82014,1511,22,53,0,Bsc,Single,South Africa
2591,76320,932,15,55,0,Bsc,Single,United State
1640,64587,108,8,60,0,Bsc,Divorced,Spain
810,74190,641,19,39,0,Bsc,Married,Spain
9423,32765,46,8,35,0,Master,Married,Spain
4345,51381.5,21,4,50,0,Undergraduate,Single,Australia
89,22212,69,8,39,0,Undergraduate,Married,South Africa
5294,18358,57,10,25,0,Bsc,Single,Spain
1321,26067,56,9,40,0,Bsc,Married,Canada
2686,22390,26,4,45,0,Basic,Single,Australia
1215,70440,1572,23,36,1,Bsc,Single,Spain
9283,60199,18,4,36,0,Bsc,Single,Canada
3120,38547,22,4,33,0,Bsc,Single,Canada
5868,19107,46,6,34,0,Bsc,Married,Canada
8143,37929,265,13,29,2,PhD,Single,Spain
3479,16813,50,6,64,1,Bsc,Single,Canada
7214,62187,1283,18,57,0,Bsc,Married,Spain
5543,57811,802,25,48,1,Bsc,Single,Spain
9347,50943,46,5,58,0,Master,Single,Spain
10160,50943,46,5,58,0,Master,Single,Spain
1406,53201,415,22,39,0,Bsc,Single,Spain
7019,54414,211,13,51,0,Bsc,Single,South Africa
2157,26290,77,10,42,0,Bsc,Single,Canada
8939,61250,730,25,55,0,Bsc,Divorced,Spain
10250,28389,28,4,67,0,Basic,Single,Spain
1272,55250,903,26,49,0,Master,Single,Australia
3007,37758,40,6,48,0,Bsc,Single,India
5513,37758,40,6,48,0,Bsc,Single,Spain
679,37633,38,6,57,0,PhD,Married,Spain
8876,33629,152,13,51,0,PhD,Single,Spain
10827,36947,146,11,47,0,PhD,Married,Australia
7300,69142,535,19,62,1,Bsc,Divorced,India
4268,53154,158,9,55,0,Bsc,Married,United State
4603,65695,656,21,54,0,PhD,Married,Spain
8659,69805,1038,27,62,0,PhD,Single,Germany
10708,36975,33,5,36,0,Undergraduate,Single,Spain
1176,26228,25,4,41,0,Bsc,Married,Spain
10380,37787,106,7,42,0,Master,Married,India
7037,37087,401,17,40,0,PhD,Married,South Africa
11096,57247,232,12,62,0,Undergraduate,Single,Spain
6374,36930,297,16,60,0,PhD,Married,Spain
5552,48721,293,17,51,0,Master,Divorced,South Africa
2245,43641,139,10,45,0,Master,Married,Spain
6200,75903,901,23,63,0,Bsc,Married,Spain
9904,71391,1043,28,58,0,Bsc,Married,Canada
10031,16927,53,12,38,0,PhD,Married,South Africa
6642,27215,102,11,53,0,Bsc,Divorced,South Africa
10882,53858,915,17,38,0,Bsc,Married,Spain
5636,30983,167,8,51,0,Bsc,Single,India
8692,43462,240,16,62,0,Bsc,Single,Spain
8091,63943,1106,17,58,0,Bsc,Married,India
8080,26816,22,4,28,0,Bsc,Single,India
8370,75484,1159,18,38,0,Undergraduate,Single,Canada
4550,33564,71,6,48,0,Master,Single,Spain
3381,54348,90,8,61,0,Master,Married,Canada
10556,54984,358,17,55,1,Bsc,Married,Spain
9467,34738,20,5,30,0,Bsc,Single,Spain
2891,68118,928,23,51,0,Bsc,Divorced,United State
5011,68118,928,23,51,0,Bsc,Divorced,Spain
8140,22682,95,10,41,0,Bsc,Single,Australia
11039,51948,311,13,39,0,Bsc,Married,Spain
78,25293,37,5,45,0,Bsc,Married,Spain
5517,25293,37,5,45,0,Bsc,Married,Australia
5290,41551,279,16,50,0,PhD,Married,Canada
4128,56067,725,20,52,0,PhD,Single,South Africa
8534,67433,992,28,62,1,Bsc,Married,Spain
9592,22010,33,7,31,0,Bsc,Single,Spain
8957,64831,1120,22,62,0,Undergraduate,Single,South Africa
9308,62820,976,14,60,0,Bsc,Married,South Africa
544,62820,976,14,60,0,Bsc,Married,Spain
5989,78353,1576,24,55,0,Undergraduate,Divorced,Canada
635,57183,610,25,48,0,Master,Married,Spain
6673,23478,129,7,49,0,Bsc,Single,United State
1710,30168,279,18,36,0,Bsc,Single,Spain
523,37155,74,7,25,0,Bsc,Married,Spain
8977,16581,24,4,29,0,Basic,Single,Spain
9736,41850,96,9,34,0,Bsc,Married,United State
1544,81380,1893,17,47,0,Master,Divorced,Canada
6575,56386,612,25,33,0,Bsc,Single,South Africa
6147,25818,28,4,43,0,Bsc,Divorced,Germany
6354,15345,47,6,30,0,Bsc,Single,Spain
4769,57954,493,23,37,1,Master,Single,Spain
7540,50300,270,13,62,0,Bsc,Married,Spain
5247,38725,45,7,59,0,PhD,Married,Spain
5987,10404,43,7,25,0,Undergraduate,Single,Spain
9960,26868,14,4,23,0,Basic,Single,South Africa
10972,72298,939,14,65,2,Bsc,Single,Spain
1399,72905,1515,20,56,1,Bsc,Married,Spain
2698,47025,415,17,38,0,Bsc,Single,United State
6340,29938,26,6,29,0,Bsc,Single,South Africa
4107,46681,425,16,66,0,PhD,Single,Spain
10906,46681,425,16,66,0,PhD,Single,South Africa
2557,29548,29,5,44,1,Master,Single,Spain
8786,62058,450,18,58,0,Master,Married,Germany
7187,51381.5,721,25,45,0,Master,Single,Australia
6119,36736,17,4,51,0,PhD,Single,Spain
2980,8820,35,10,62,0,Master,Single,Canada
3850,14918,43,5,51,0,Basic,Single,India
1077,56715,1020,15,40,0,Bsc,Single,Spain
9733,24882,80,5,36,1,Basic,Single,India
8462,24882,80,5,36,1,Basic,Single,Spain
4764,40442,169,12,62,0,Master,Single,South Africa
2223,64176,1826,33,49,0,Undergraduate,Divorced,Spain
7788,23536,10,4,31,0,PhD,Married,Spain
5827,35246,62,11,56,0,Bsc,Divorced,South Africa
2958,28442,57,10,36,0,Bsc,Married,Spain
4954,48195,265,17,58,0,Bsc,Married,Spain
3139,74116,2052,19,32,1,Undergraduate,Single,South Africa
9952,78093,1105,17,67,0,Master,Single,South Africa
8180,59354,310,15,62,0,Master,Divorced,United State
3276,36301,78,7,38,0,Undergraduate,Single,South Africa
4994,77598,1735,26,69,1,Master,Single,Spain
3598,62710,606,22,42,0,Bsc,Married,Spain
945,36317,133,9,49,0,Bsc,Single,Spain
5048,42767,131,7,43,0,PhD,Single,South Africa
6214,43815,79,6,32,0,Master,Married,Spain
6230,44421,189,14,43,0,Bsc,Divorced,Spain
2968,48948,902,24,69,1,PhD,Divorced,Australia
8800,48948,902,24,69,1,PhD,Divorced,South Africa
1907,63120,1477,26,64,0,Master,Divorced,Spain
10478,55517,633,23,64,0,PhD,Married,South Africa
4188,36864,354,14,57,0,Bsc,Single,Australia
8720,51381.5,1679,1,36,1,Undergraduate,Single,India
2225,82582,1617,21,37,2,Bsc,Divorced,Australia
4790,79803,868,13,56,0,Bsc,Divorced,Spain
1131,52569,95,7,47,0,PhD,Single,South Africa
202,82032,1234,17,66,0,PhD,Single,India
9589,82032,1234,17,66,0,PhD,Single,India
3900,65685,769,21,42,0,Bsc,Married,Canada
9958,65685,769,21,42,0,Bsc,Married,Australia
8955,40451,49,5,57,1,PhD,Single,Spain
10033,31163,38,5,41,0,Undergraduate,Divorced,Germany
5751,31163,38,5,41,0,Undergraduate,Divorced,Canada
3308,35704,94,9,62,0,Bsc,Married,South Africa
7297,7500,57,11,41,0,Bsc,Single,South Africa
8008,36075,119,7,31,0,Bsc,Single,Spain
1232,70038,1244,17,32,0,PhD,Single,Germany
2345,70038,1244,17,32,0,PhD,Single,Australia
1628,71796,960,17,43,0,Bsc,Single,South Africa
5081,47821,47,5,47,0,Undergraduate,Single,Spain
839,45503,170,9,39,0,PhD,Married,Spain
3706,28647,94,7,36,1,Bsc,Single,Spain
5154,37760,54,6,42,0,Master,Divorced,Spain
8584,85431,1165,17,62,0,PhD,Single,Spain
6583,72635,981,21,59,1,Undergraduate,Married,Spain
3433,72635,981,21,59,1,Undergraduate,Married,Spain
10486,77142,990,17,66,0,Bsc,Married,Spain
8687,53172,486,16,36,0,Bsc,Single,India
7842,36065,74,9,46,0,Bsc,Single,Spain
3749,73926,1580,24,41,0,Bsc,Single,Canada
1331,35790,72,7,37,0,Bsc,Single,Australia
5995,39552,384,20,52,0,Bsc,Divorced,Spain
8985,68316,1211,32,50,0,Undergraduate,Single,Spain
2798,102160,1240,26,37,3,PhD,Single,South Africa
7108,51390,353,18,49,0,Master,Single,South Africa
2781,72066,1792,17,33,2,Bsc,Single,South Africa
3623,21675,45,10,38,0,Bsc,Single,India
194,48006,41,5,49,0,Bsc,Married,Spain
10833,65106,973,27,39,1,Bsc,Married,Spain
2315,58401,96,6,54,0,Bsc,Divorced,Spain
6336,29315,48,10,54,0,Bsc,Married,South Africa
10738,49389,65,6,63,0,Master,Single,Australia
8286,51717,122,8,49,1,PhD,Single,South Africa
2166,46779,23,4,54,0,Undergraduate,Single,South Africa
10691,28520,43,5,54,0,Master,Married,Spain
9739,34377,114,8,51,0,Bsc,Single,Spain
1829,54959,1232,21,53,1,PhD,Divorced,Spain
6260,82384,1957,27,59,1,Master,Single,Australia
10448,46998,377,18,58,1,Bsc,Single,Spain
1343,58554,586,22,46,0,Bsc,Single,United State
4749,58554,586,22,46,0,Bsc,Single,India
531,57333,1662,33,60,0,PhD,Divorced,Spain
6905,80685,1004,21,20,0,Bsc,Single,Spain
1045,52117,279,13,49,0,Bsc,Single,Spain
4012,62220,1226,23,42,0,PhD,Single,Germany
5529,64014,444,22,68,1,PhD,Single,Canada
4001,64014,444,22,68,1,PhD,Single,South Africa
10420,46390,222,10,59,0,Master,Divorced,United State
7723,75507,1440,21,35,0,Bsc,Single,Germany
2963,75507,1440,21,35,0,Bsc,Single,Australia
10634,59412,406,15,63,0,Master,Married,Spain
5180,50616,149,10,46,0,PhD,Divorced,Spain
6866,35924,34,5,45,0,Master,Single,South Africa
1328,57937,683,20,32,0,Undergraduate,Married,South Africa
1139,73356,1512,22,30,3,PhD,Married,Spain
4961,21255,61,11,40,0,Master,Single,Spain
5177,58494,396,16,40,0,Master,Married,South Africa
2075,72460,1047,16,45,0,Bsc,Married,South Africa
3428,68682,1598,24,23,0,PhD,Single,Spain
4500,68682,1598,24,23,0,PhD,Single,Spain
7369,36959,62,7,33,0,Master,Married,Spain
4381,46463,235,17,43,0,PhD,Married,Spain
9964,61825,424,15,35,0,Bsc,Single,Spain
1630,61825,424,15,35,0,Bsc,Single,Spain
5012,28691,34,5,25,0,Bsc,Married,Spain
6918,28691,34,5,25,0,Bsc,Married,Spain
7822,54058,662,20,38,0,Bsc,Single,Spain
10156,84196,1237,20,39,0,Bsc,Single,Spain
3033,38620,318,11,51,0,Master,Single,Australia
4119,38620,318,11,51,0,Master,Single,Germany
11110,3502,5,0,41,0,Bsc,Single,India
332,47743,275,14,57,1,Bsc,Married,Spain
737,80360,2231,15,65,3,PhD,Married,Spain
10319,66303,1286,22,43,1,Bsc,Married,Spain
2683,52413,910,26,45,0,Bsc,Married,Canada
3445,60714,957,23,58,0,Bsc,Single,South Africa
10913,31385,27,4,30,1,Master,Single,Spain
4427,83257,1365,28,19,2,Undergraduate,Single,Spain
8717,80427,1835,28,39,0,PhD,Married,India
2066,38823,114,7,65,0,Bsc,Single,Spain
3340,42014,436,20,37,0,Bsc,Married,Canada
8685,42014,436,20,37,0,Bsc,Married,South Africa
4149,76140,1348,21,66,0,PhD,Single,Spain
8726,41713,174,13,50,0,Undergraduate,Divorced,Canada
2295,62670,825,22,60,0,PhD,Married,South Africa
3283,70932,909,22,42,0,Undergraduate,Married,Spain
1915,78939,1507,20,63,0,PhD,Married,Germany
800,44512,32,6,54,0,Bsc,Single,South Africa
9166,63967,882,23,46,0,Bsc,Married,Spain
5147,90842,1424,27,66,0,Bsc,Single,Spain
13,25358,32,6,67,0,PhD,Single,South Africa
8557,51381.5,46,7,32,0,Bsc,Single,Australia
8724,28567,46,7,32,0,Bsc,Single,Spain
9381,66373,606,23,36,0,Bsc,Married,Australia
9384,66373,606,23,36,0,Bsc,Married,Australia
3560,83844,1574,20,62,1,Bsc,Single,Germany
241,83844,1574,20,62,1,Bsc,Single,Spain
7521,83844,1574,20,62,1,Bsc,Single,Canada
9799,83664,1173,19,46,0,PhD,Divorced,Spain
5123,27450,143,7,63,0,Master,Married,Spain
448,54880,795,21,36,0,PhD,Single,Spain
4837,71322,1305,28,49,0,PhD,Married,Spain
9365,60000,1277,24,38,0,PhD,Single,Spain
8932,65176,1531,25,45,0,Master,Single,South Africa
7055,61010,1021,26,62,0,PhD,Single,Canada
3537,31089,79,10,33,0,Bsc,Single,Spain
9081,20518,25,5,26,0,Bsc,Single,Spain
4988,34469,62,9,66,0,PhD,Married,South Africa
1050,28332,65,8,62,0,Bsc,Married,Germany
5610,33456,36,6,49,0,Bsc,Single,India
3526,38443,38,6,46,0,PhD,Married,Spain
5136,65333,798,28,41,2,Bsc,Single,Canada
1411,82623,940,16,62,0,Bsc,Divorced,Spain
701,73691,1179,18,43,1,Bsc,Married,Spain
6203,74485,1734,26,67,0,Bsc,Single,Spain
7192,65748,545,18,59,0,Bsc,Single,Spain
5181,24367,24,4,32,0,Basic,Single,Spain
9220,91700,1968,20,43,0,Bsc,Single,Spain
7734,79244,1216,22,21,2,Bsc,Widowed,Australia
10446,82017,729,17,57,3,PhD,Married,Canada
5524,58138,1617,25,57,0,Bsc,Single,United State
3830,59354,459,16,61,0,Master,Married,Canada
5186,58482,731,22,59,1,PhD,Married,Canada
8514,29478,20,5,38,0,Bsc,Single,Spain
7165,64474,823,22,42,0,Bsc,Single,Spain
10236,31160,64,7,39,0,Master,Single,South Africa
2392,40321,102,8,42,0,Bsc,Married,Spain
1920,40321,102,8,42,0,Bsc,Married,Spain
3673,55239,779,26,43,0,Bsc,Single,South Africa
1453,57513,1060,27,69,0,PhD,Single,Spain
4518,85693,1169,27,35,0,Bsc,Single,Canada
8969,71855,1141,25,37,0,Bsc,Married,South Africa
387,7500,61,6,38,0,Basic,Married,United State
1079,71969,1086,19,43,1,PhD,Married,India
164,28973,269,13,37,0,PhD,Married,Spain
3434,80872,1336,19,63,0,Bsc,Single,Spain
5721,84117,1566,24,58,1,PhD,Married,Canada
8418,38741,61,7,56,0,Undergraduate,Single,Germany
5300,38961,70,6,41,0,Master,Married,Spain
10424,75922,1295,18,46,0,Bsc,Single,South Africa
11171,56962,411,21,49,0,Master,Married,Australia
1600,56962,411,21,49,0,Master,Married,South Africa
7851,70165,926,22,65,0,Bsc,Single,Spain
10701,65308,1211,28,41,2,Bsc,Married,United State
891,29298,11,4,63,0,Master,Single,Spain
6912,63246,772,22,47,0,PhD,Married,Spain
5967,33402,70,9,62,0,Bsc,Single,Germany
2109,96843,1544,28,24,1,Bsc,Single,Spain
6292,82333,1822,18,28,1,PhD,Married,Germany
8537,72643,1429,21,65,1,Bsc,Single,Spain
9576,32313,159,11,32,0,PhD,Single,Spain
5935,55284,764,23,58,0,Master,Single,India
10264,15287,31,6,35,1,Bsc,Divorced,South Africa
234,15287,31,6,35,1,Bsc,Divorced,Spain
3202,51563,1250,19,27,2,PhD,Married,South Africa
1103,81929,2053,20,38,2,Master,Married,Australia
610,53593,480,23,61,0,PhD,Single,Australia
4480,60432,401,19,41,0,Master,Married,South Africa
10660,66726,438,17,57,1,Master,Married,Spain
9353,62450,995,16,55,1,Bsc,Single,India
4120,49514,369,13,39,0,Undergraduate,Single,India
2836,43269,19,4,42,0,PhD,Married,Germany
9579,33762,106,9,55,0,PhD,Married,Canada
5841,60894,832,26,48,0,Bsc,Single,Spain
3174,87771,1957,20,55,4,Bsc,Single,Spain
5536,87771,1957,20,55,4,Bsc,Single,Canada
2061,50737,99,7,59,1,Bsc,Married,Spain
8477,26150,28,5,58,0,Bsc,Divorced,Spain
640,57304,1026,25,63,0,Bsc,Married,Spain
3828,71107,1327,28,63,0,Bsc,Married,Spain
4093,53253,436,19,39,0,Master,Single,Canada
8624,81320,928,18,56,0,Bsc,Married,South Africa
2802,87000,961,18,22,0,Undergraduate,Married,Australia
368,40049,290,14,40,0,Bsc,Married,India
3599,63684,1464,23,44,0,Bsc,Married,Spain
3389,69016,1533,34,44,0,Bsc,Married,Spain
10710,7500,18,4,35,0,Bsc,Married,Spain
7118,73803,1528,22,57,1,Bsc,Married,Canada
4937,46094,44,5,41,0,Undergraduate,Married,Spain
1127,85844,1958,20,41,1,PhD,Married,Spain
833,38452,72,9,59,0,Master,Married,Spain
3565,38452,72,9,59,0,Master,Married,Spain
6086,80395,1380,24,59,1,Bsc,Married,Australia
1763,87679,2524,29,26,3,Bsc,Single,Canada
4697,35416,390,16,65,0,Master,Divorced,South Africa
182,44124,397,17,68,0,PhD,Single,Spain
1165,50729,496,24,56,0,PhD,Single,South Africa
5386,94384,2302,18,61,3,Bsc,Single,South Africa
6024,94384,2302,18,61,3,Bsc,Single,Spain
2678,34412,209,11,24,0,Bsc,Single,Australia
5790,31158,72,7,29,0,Bsc,Married,Spain
236,34838,170,10,63,0,Bsc,Married,Canada
6001,56775,937,25,35,0,Bsc,Married,Spain
6250,54356,775,24,65,0,PhD,Single,Spain
1168,72159,1401,21,36,0,PhD,Married,Spain
10749,8028,178,16,23,0,Bsc,Single,Spain
2926,55951,1374,23,62,2,Master,Single,South Africa
716,67911,976,27,65,0,PhD,Single,Spain
6544,67911,976,27,65,0,PhD,Single,Germany
4298,20427,10,4,41,0,PhD,Single,Spain
5823,32303,39,7,44,0,PhD,Single,India
8375,55954,518,19,46,0,PhD,Married,Australia
5723,49187,116,8,38,0,PhD,Single,Spain
5763,49854,380,18,42,0,Master,Single,Canada
8727,63693,1150,29,36,0,Bsc,Divorced,South Africa
3056,63693,1150,29,36,0,Bsc,Divorced,South Africa
8442,19510,30,6,29,0,Master,Married,Canada
3712,52332,259,12,55,1,Bsc,Divorced,India
10722,55593,546,17,41,1,Bsc,Single,India
2406,54591,519,19,65,0,Bsc,Single,Australia
7313,74859,1565,23,65,1,Undergraduate,Single,Canada
2656,40851,59,5,43,0,Bsc,Divorced,Canada
1993,58607,972,17,65,1,PhD,Married,United State
4136,7500,119,11,22,0,Basic,Single,Spain
2928,52614,990,16,39,0,PhD,Single,Spain
2920,52614,990,16,39,0,PhD,Single,Mexico
6661,67445,1174,32,40,0,Bsc,Married,Spain
5462,67445,1174,32,40,0,Bsc,Married,India
10897,67445,1174,32,40,0,Bsc,Married,Australia
10542,36778,77,9,46,0,PhD,Married,Spain
5756,39453,55,7,31,0,Bsc,Single,Spain
3570,42731,244,13,45,0,PhD,Single,South Africa
1072,40760,93,8,49,0,PhD,Single,Canada
9606,69969,1536,13,49,2,PhD,Married,Spain
2730,80317,1231,18,59,0,Bsc,Single,Canada
2995,66636,1084,17,57,0,Master,Single,Spain
8210,54730,405,18,39,0,Master,Married,Spain
773,42835,595,23,43,0,Master,Divorced,India
5272,53843,562,20,49,0,Master,Married,South Africa
5125,79530,1348,26,54,0,Bsc,Married,Spain
4391,63841,908,22,46,0,Master,Divorced,South Africa
6283,63841,908,22,46,0,Master,Divorced,Spain
3421,63841,908,22,46,0,Master,Divorced,Australia
5731,27100,37,5,31,0,Master,Married,Spain
7152,27100,37,5,31,0,Master,Married,Germany
3919,72309,1931,20,38,1,Master,Single,Canada
6097,50664,561,24,55,0,Bsc,Single,South Africa
5150,20194,47,7,35,0,Basic,Single,Spain
10479,76618,1511,11,39,0,PhD,Married,Australia
5966,45207,215,15,40,1,PhD,Married,Spain
3439,56721,296,15,42,0,Bsc,Married,Spain
6609,27038,107,7,48,0,Bsc,Single,South Africa
5393,23763,42,5,37,0,Bsc,Single,Spain
9014,37085,61,10,39,0,Bsc,Married,India
4050,49605,127,8,48,0,Master,Married,Canada
6862,1730,8,15,43,0,Bsc,Divorced,Spain
8315,34824,23,4,19,0,Bsc,Single,United State
5184,34824,23,4,19,0,Bsc,Single,Spain
3643,63206,928,14,40,1,Master,Married,Canada
2589,26759,59,8,42,0,Bsc,Divorced,Australia
4887,55412,63,6,38,0,PhD,Divorced,Canada
10104,33590,8,4,40,0,Bsc,Single,Canada
3254,70886,960,14,43,0,Bsc,Married,Spain
2004,72679,1168,17,45,0,Bsc,Single,Spain
6142,65073,900,14,69,0,Master,Married,Spain
8553,44300,42,6,49,0,Bsc,Married,Spain
9805,56129,660,22,61,0,Master,Single,Canada
849,56129,660,22,61,0,Master,Single,Spain
1606,38590,22,4,43,0,Bsc,Single,South Africa
125,53083,271,17,56,1,Undergraduate,Single,India
9305,79689,1315,27,38,0,Undergraduate,Single,Spain
4706,34704,40,5,48,0,Bsc,Single,Canada
4437,65316,260,12,52,0,Bsc,Married,Spain
3081,41014,20,4,36,0,PhD,Married,Spain
3536,19740,55,7,54,0,Bsc,Single,India
8686,23724,75,7,35,0,Basic,Single,Spain
9707,55212,1182,20,45,2,PhD,Married,Spain
10872,55212,1182,20,45,2,PhD,Married,Spain
9058,79800,1867,22,59,3,Bsc,Single,Spain
4640,70647,1079,26,47,0,Bsc,Divorced,South Africa
2525,38410,534,18,40,0,PhD,Married,Canada
9503,28071,313,13,34,0,Bsc,Single,Spain
10704,54803,693,19,45,0,Bsc,Single,Spain
2669,74293,1127,16,21,0,Bsc,Single,Spain
10037,74293,1127,16,21,0,Bsc,Single,South Africa
5680,35684,30,5,30,0,Undergraduate,Married,Spain
3726,34320,17,4,28,0,PhD,Single,South Africa
4548,41967,54,5,33,0,Bsc,Single,Canada
4599,49681,458,21,38,0,Master,Married,Canada
879,49681,458,21,38,0,Master,Married,South Africa
7409,53187,267,13,44,0,Bsc,Single,Spain
1964,86610,1603,18,63,0,Bsc,Single,Spain
0,70951,1198,17,29,0,Bsc,Married,South Africa
4860,24206,25,5,44,0,Bsc,Single,Spain
425,55357,727,22,29,0,Bsc,Married,India
9500,58113,758,22,55,0,Bsc,Married,Spain
3074,70643,1828,18,30,0,PhD,Married,Spain
5140,64355,1445,21,29,0,PhD,Married,Spain
2611,82576,1910,19,55,1,Master,Single,South Africa
916,41644,31,6,42,0,PhD,Single,Spain
10413,72570,1089,23,30,0,Bsc,Married,Spain
3696,30630,52,7,49,0,Bsc,Divorced,Spain
304,22944,76,9,33,0,Master,Single,Spain
5113,86979,1702,16,43,1,PhD,Divorced,Spain
2863,51381.5,1052,21,44,2,Bsc,Single,Spain
4597,82072,2018,19,44,0,PhD,Single,South Africa
675,52034,332,16,41,0,Master,Divorced,Spain
4483,72354,1228,19,21,0,Bsc,Single,South Africa
1502,28427,52,7,31,0,Bsc,Single,Spain
736,28427,52,7,31,0,Bsc,Single,India
4487,39858,95,7,45,0,Master,Single,South Africa
3412,67381,957,17,63,1,Master,Married,Spain
1744,23529,54,5,49,0,Basic,Single,Spain
5837,51479,494,22,47,0,Bsc,Married,Spain
3422,76068,1376,10,39,2,Bsc,Married,Germany
7462,22507,570,19,60,0,Bsc,Single,Canada
10702,52413,450,17,30,0,Bsc,Single,Spain
2115,50116,66,7,57,1,Bsc,Single,Germany
4138,76624,899,23,52,1,Bsc,Single,Spain
11091,34587,22,6,61,0,Bsc,Single,Germany
7712,62159,634,19,68,0,PhD,Single,United State
3535,66294,967,13,49,0,Bsc,Single,Spain
5899,5648,49,2,64,1,PhD,Single,United State
8749,37235,61,5,30,0,Bsc,Single,Spain
10955,85620,1600,14,50,0,Bsc,Single,Spain
9491,23976,66,10,30,0,Bsc,Single,South Africa
5286,41020,217,10,27,0,Master,Single,Canada
3409,36108,339,15,30,1,Bsc,Single,South Africa
2544,57530,92,7,63,0,Master,Divorced,India
2118,62905,622,20,50,0,Undergraduate,Married,Spain
9370,65846,1120,16,69,0,PhD,Married,Canada
4864,34380,175,12,37,0,Bsc,Married,Canada
405,41638,441,17,50,1,Bsc,Divorced,Spain
10513,63207,1502,12,22,1,Bsc,Single,Spain
5138,28320,43,5,64,0,Bsc,Single,Spain
8387,43140,235,11,57,0,Bsc,Married,Spain
378,52531,794,21,43,0,Bsc,Married,Spain
5846,40246,13,4,37,0,Bsc,Divorced,Germany
8870,35196,497,18,30,0,Bsc,Single,Spain
10340,35196,497,18,30,0,Bsc,Single,Spain
7290,70596,968,21,29,0,Bsc,Single,Spain
8895,70596,968,21,29,0,Bsc,Single,Spain
3635,52597,578,20,52,0,PhD,Single,South Africa
11178,42394,32,5,42,0,Master,Single,Germany
2410,81657,1097,16,45,0,Bsc,Single,Spain
3281,49154,411,19,54,0,PhD,Married,Spain
9905,34074,255,14,62,1,Bsc,Single,Spain
2437,51381.5,1611,24,25,2,Bsc,Married,Spain
2565,70638,1334,20,59,1,Master,Divorced,South Africa
7912,38136,103,8,36,1,Bsc,Married,United State
7072,67432,1335,19,41,0,Bsc,Married,Australia
1409,40689,444,20,63,0,Bsc,Single,United State
5314,40689,444,20,63,0,Bsc,Single,Spain
7215,101970,1135,27,31,3,Bsc,Single,Canada
8858,44325,542,21,42,1,PhD,Married,Canada
895,61467,594,20,66,0,PhD,Married,Spain
10313,48178,254,16,39,0,Bsc,Married,Spain
642,16005,103,8,34,0,Basic,Married,Canada
8504,79593,1366,19,41,1,Bsc,Married,Germany
1020,79593,1366,19,41,1,Bsc,Married,Spain
3717,61180,704,18,55,1,Bsc,Married,Spain
7646,64449,805,24,25,0,Bsc,Single,Spain
5796,77437,1125,23,51,1,Bsc,Married,Spain
8625,17649,45,9,38,0,Bsc,Married,United State
5407,53103,1085,28,60,1,Bsc,Single,South Africa
4356,71819,1574,14,43,2,Bsc,Single,Spain
2886,74290,1217,32,43,2,Master,Divorced,Spain
10057,72282,1331,22,63,0,Bsc,Single,Spain
10741,47352,319,16,63,0,Master,Single,Spain
5491,47352,319,16,63,0,Master,Single,Australia
4442,46524,177,9,53,0,Bsc,Single,Canada
3972,50200,401,19,38,0,Bsc,Single,Spain
2431,18222,67,6,24,0,Bsc,Married,Spain
7899,77610,1680,17,62,0,PhD,Married,Australia
9703,38097,184,11,44,1,PhD,Married,South Africa
6927,44377,264,19,46,0,PhD,Married,South Africa
7005,58684,813,21,33,1,Bsc,Single,South Africa
246,66480,312,19,49,0,Bsc,Married,Spain
4796,49638,39,5,62,0,Bsc,Divorced,Spain
4725,50616,67,7,64,0,PhD,Single,Spain
3286,26642,42,7,47,0,PhD,Divorced,Spain
10680,33235,70,7,28,0,Bsc,Single,Spain
4297,23228,40,7,45,0,Bsc,Single,India
7327,36732,47,9,55,0,PhD,Married,Spain
1553,82657,2283,23,68,2,Bsc,Single,Germany
1665,64140,1750,18,50,3,PhD,Divorced,South Africa
10640,44392,211,14,40,0,Bsc,Single,Spain
7620,16185,106,8,24,0,Basic,Single,India
7761,38702,109,9,36,0,Undergraduate,Single,Australia
5062,54072,39,5,51,0,PhD,Married,South Africa
6349,61787,1319,19,27,0,Master,Divorced,Spain
3386,34935,137,8,22,0,Bsc,Married,Spain
8175,34935,137,8,22,0,Bsc,Married,South Africa
6245,59292,507,18,64,0,PhD,Single,Spain
8780,59292,507,18,64,0,PhD,Single,Spain
2276,57959,868,27,59,0,Bsc,Single,Spain
1172,92491,2034,25,31,3,PhD,Married,Spain
3225,42207,265,14,30,1,Master,Married,Spain
8629,46984,41,5,58,0,Bsc,Single,Canada
798,23442,27,5,27,0,Bsc,Single,Spain
269,46757,1143,21,51,0,PhD,Single,Spain
8213,14515,96,11,34,0,Undergraduate,Single,Spain
10245,80910,756,15,28,0,Undergraduate,Single,Spain
2447,30545,69,7,35,0,Bsc,Single,India
9817,44802,1049,27,44,0,Master,Single,India
1371,79941,984,16,38,0,Bsc,Single,Australia
8093,79734,914,14,45,1,Master,Married,Spain
713,50353,442,15,37,0,Master,Married,Spain
11051,77376,661,23,58,0,PhD,Single,Canada
5545,78075,988,14,42,0,PhD,Married,Spain
5283,42473,144,10,38,0,PhD,Single,Spain
5010,25008,34,6,26,0,Bsc,Single,Spain
7495,56223,156,10,66,0,PhD,Married,Spain
4368,47850,134,8,34,0,Bsc,Married,Spain
6303,91820,1497,22,28,0,PhD,Single,Canada
1030,40637,38,6,49,0,PhD,Single,South Africa
10364,23295,20,4,55,0,Bsc,Divorced,Spain
6945,84574,1375,32,62,0,Bsc,Single,Spain
8562,54165,236,11,45,0,Bsc,Single,Spain
2918,28510,91,9,33,0,Bsc,Divorced,Spain
9167,67131,976,26,58,0,Bsc,Married,Spain
4743,56242,971,28,45,0,PhD,Married,United State
10742,86580,746,11,31,1,PhD,Married,Spain
10965,76005,1722,22,59,1,Bsc,Single,Spain
7129,54693,929,31,52,0,PhD,Married,Spain
3732,52750,860,27,59,0,Master,Married,Canada
7124,36997,94,12,46,0,Bsc,Divorced,Canada
10686,34230,21,4,49,0,PhD,Single,Spain
7247,47916,606,22,54,1,Bsc,Single,Germany
1513,60839,1250,29,35,0,Undergraduate,Single,Spain
460,79930,1753,17,42,0,PhD,Married,South Africa
6653,55158,418,18,44,0,PhD,Married,Spain
9400,85485,1383,19,56,0,Undergraduate,Single,Spain
7106,75865,1242,19,69,0,PhD,Married,Spain
4252,44375,301,12,49,0,Bsc,Married,Spain
9240,60504,526,18,43,0,PhD,Single,Spain
10770,65492,1045,26,55,0,Bsc,Married,Canada
176,67506,331,12,34,0,Undergraduate,Single,Spain
6870,68805,283,12,55,0,PhD,Divorced,Spain
143,61209,957,13,44,0,Bsc,Single,United State
6445,66825,858,16,47,0,Bsc,Single,South Africa
4278,87188,1923,19,31,0,PhD,Single,India
6906,84953,1024,18,61,3,Master,Single,Spain
4637,74637,1650,25,60,1,PhD,Single,South Africa
8690,86111,1385,23,52,0,Bsc,Married,Canada
1173,77632,2252,13,67,2,Master,Single,Spain
1928,31814,83,7,41,1,Bsc,Married,South Africa
9029,70116,1536,23,42,0,PhD,Married,Spain
10299,48240,882,25,45,0,PhD,Single,Spain
9246,40101,415,17,29,0,Master,Single,India
4943,70503,1727,16,61,2,Bsc,Married,Spain
4122,79205,895,16,39,1,Bsc,Married,Spain
2853,51766,275,12,34,0,Bsc,Single,Canada
902,62994,312,13,34,0,Bsc,Single,Canada
1672,65640,461,15,40,0,PhD,Single,South Africa
7254,38361,137,10,45,0,Bsc,Single,South Africa
8775,38361,137,10,45,0,Bsc,Single,Australia
9543,19986,22,4,29,0,Bsc,Married,Spain
7093,19986,22,4,29,0,Bsc,Married,Spain
2894,72903,2013,21,29,3,Bsc,Single,Spain
5956,45072,284,16,66,0,PhD,Divorced,Australia
1921,59062,71,7,47,0,PhD,Married,Spain
5057,61794,611,20,53,0,Master,Married,Spain
10260,45143,311,15,49,0,Master,Single,Spain
2262,45143,311,15,49,0,Master,Single,South Africa
7930,26877,268,12,45,0,Master,Single,Spain
1461,36921,38,7,49,0,PhD,Divorced,Canada
7514,54342,177,12,58,0,Undergraduate,Single,Australia
6461,62772,946,23,45,1,Master,Single,Spain
257,75032,1215,20,55,0,PhD,Married,Spain
9460,22419,162,8,51,0,Bsc,Married,Spain
3855,22419,162,8,51,0,Bsc,Married,Canada
367,36550,577,20,36,0,Undergraduate,Married,Canada
9265,75027,1390,21,61,0,Bsc,Married,South Africa
1990,63159,1797,17,40,1,PhD,Single,Spain
3594,54108,747,32,41,0,Master,Married,Canada
9292,81795,1382,23,62,0,Bsc,Married,Spain
6218,59594,499,17,49,1,Bsc,Married,Spain
6528,18492,10,4,32,0,Master,Single,Spain
10164,94472,1691,16,56,2,Bsc,Single,Spain
9937,70337,576,17,35,0,Bsc,Single,United State
274,34853,34,7,41,0,Bsc,Single,Germany
5250,51381.5,1564,22,69,1,Master,Single,Australia
11010,16269,44,9,30,0,PhD,Single,Spain
6969,50272,233,13,32,0,Bsc,Single,Australia
10735,22804,26,5,43,0,Bsc,Single,South Africa
5068,22804,26,5,43,0,Bsc,Single,Spain
9974,30631,70,7,40,0,Bsc,Married,South Africa
7053,78420,1453,22,48,0,PhD,Single,South Africa
3179,81741,1572,19,34,0,Bsc,Single,Spain
8082,25721,34,5,43,0,Bsc,Married,Australia
1362,31907,449,14,42,0,Bsc,Single,Germany
6768,37859,36,6,52,0,Bsc,Divorced,Canada
2375,30261,22,4,42,0,Bsc,Single,Spain
6856,21645,65,9,35,0,Bsc,Single,Germany
4066,21282,46,7,36,0,Undergraduate,Divorced,Spain
4333,32144,54,10,60,1,Bsc,Single,India
2948,62637,185,10,60,0,Master,Divorced,Canada
4927,16626,68,9,43,0,Bsc,Single,South Africa
7426,54690,198,12,43,0,Undergraduate,Married,Spain
8360,54690,198,12,43,0,Undergraduate,Married,Spain
4058,61284,811,22,59,1,PhD,Single,Spain
10755,23718,81,9,38,0,Undergraduate,Married,Australia
8414,33419,86,8,52,0,PhD,Single,Spain
6810,82025,1187,12,31,1,Bsc,Divorced,South Africa
3839,15056,88,12,56,0,Basic,Single,Spain
3483,48192,1526,25,56,3,Bsc,Married,Canada
238,67309,1082,39,47,0,Undergraduate,Single,Spain
591,66033,677,20,57,0,Bsc,Single,India
5063,28769,191,12,37,0,Bsc,Single,Spain
4303,6835,137,1,57,0,PhD,Single,Canada
2258,32880,42,5,28,0,Bsc,Married,Spain
7301,23616,79,8,32,0,Undergraduate,Single,Spain
11121,19419,70,11,33,0,Bsc,Married,India
5287,34961,79,10,41,0,Bsc,Married,Spain
6457,64892,902,24,38,0,Bsc,Divorced,South Africa
3559,16248,57,9,26,0,Undergraduate,Married,India
5577,43776,23,4,31,0,Bsc,Single,Spain
641,52074,119,7,47,1,Bsc,Single,India
954,22123,102,7,54,0,Basic,Single,Australia
1834,35544,67,6,36,0,Master,Single,South Africa
8789,59060,274,14,25,0,Undergraduate,Married,Spain
10584,65665,945,24,38,0,Bsc,Married,Spain
2337,29819,39,9,43,0,Bsc,Divorced,Spain
6071,81217,1157,22,25,0,Bsc,Single,Spain
295,81217,1157,22,25,0,Bsc,Single,Spain
10203,26095,42,5,24,0,Bsc,Single,Spain
3968,65706,1199,27,44,3,Undergraduate,Divorced,Canada
4037,31859,20,4,38,0,Bsc,Divorced,South Africa
6932,93027,2119,22,69,1,PhD,Married,Spain
10159,58710,1185,31,44,0,Bsc,Divorced,Australia
1177,49618,129,11,48,0,Master,Single,Spain
9426,58308,900,15,50,0,Master,Single,Spain
10637,40800,99,8,50,0,Bsc,Married,Spain
10826,18690,60,5,55,0,Bsc,Married,Spain
4086,18690,60,5,55,0,Bsc,Married,Germany
10304,18690,60,5,55,0,Bsc,Married,Spain
7998,28087,112,9,56,0,Bsc,Single,India
10992,75702,1148,26,47,0,Bsc,Single,South Africa
6383,32892,46,8,43,0,PhD,Single,South Africa
10536,32892,46,8,43,0,PhD,Single,Spain
6036,89120,1924,19,55,1,Master,Single,Spain
11092,27116,41,7,53,0,Bsc,Married,South Africa
538,46107,125,7,25,0,Bsc,Single,South Africa
10022,54466,16,4,41,0,PhD,Single,Spain
10157,59686,274,12,49,0,Bsc,Single,Canada
3503,82460,974,15,64,0,Bsc,Divorced,South Africa
146,76045,1323,21,54,1,PhD,Single,Spain
5538,83829,1862,17,39,3,Bsc,Divorced,Spain
3910,83829,1862,17,39,3,Bsc,Divorced,Spain
4227,32889,55,9,46,0,Master,Single,Spain
6634,33462,54,6,35,0,Master,Divorced,South Africa
8916,36627,16,4,39,0,Bsc,Divorced,South Africa
6460,28718,57,7,32,0,Bsc,Married,India
5883,77981,664,21,42,0,Bsc,Married,Spain
10091,60230,1067,17,58,0,Bsc,Single,Spain
697,74918,2047,21,45,1,Bsc,Single,Spain
2607,40464,630,24,61,0,Bsc,Single,Spain
8427,64857,1540,23,58,0,Master,Single,Spain
217,64857,1540,23,58,0,Master,Single,Canada
6202,63381,1005,26,54,0,Bsc,Single,Spain
3856,63381,1005,26,54,0,Bsc,Single,Spain
10648,66664,1289,19,32,0,Undergraduate,Single,Spain
5120,66664,1289,19,32,0,Undergraduate,Single,South Africa
6749,86358,1722,18,48,0,Bsc,Single,Spain
1584,41443,482,20,37,0,Bsc,Married,South Africa
9559,57072,1034,27,53,1,PhD,Married,Canada
771,54178,194,10,47,0,Bsc,Single,Germany
5237,48767,63,9,64,0,PhD,Single,Australia
2461,51124,43,6,59,0,Master,Single,Canada
5474,43020,223,12,44,0,Bsc,Single,United State
2895,49980,195,11,51,0,Bsc,Single,India
7972,72906,1151,17,59,0,Bsc,Single,Spain
10067,25176,13,4,38,0,Undergraduate,Single,Germany
500,96876,1941,24,37,3,Bsc,Single,Spain
922,31086,48,6,35,1,Undergraduate,Married,Germany
2861,24072,23,4,31,0,Bsc,Single,Spain
375,76773,1156,16,60,0,Bsc,Divorced,Spain
10936,72190,1947,16,49,0,Bsc,Married,Australia
10314,83837,1318,25,66,2,PhD,Married,India
4240,17345,58,7,36,0,Bsc,Married,Spain
2674,75154,1143,16,56,0,Master,Single,United State
2563,28249,43,6,53,0,Basic,Married,India
8312,28249,43,6,53,0,Basic,Married,Spain
6999,69661,834,23,34,0,Master,Married,India
7574,27922,41,6,35,0,PhD,Single,South Africa
5223,45903,66,8,48,0,Master,Single,South Africa
2952,36273,76,8,37,0,Master,Single,Spain
7683,70777,787,23,46,0,Master,Married,Spain
9481,17148,68,11,38,0,Bsc,Married,Canada
9907,66476,1013,26,45,0,Master,Single,Germany
5454,45057,50,6,35,0,Master,Married,United State
3798,41120,81,9,46,0,Bsc,Married,Spain
7281,51381.5,186,9,55,0,PhD,Single,Australia
4259,19485,10,4,28,0,Master,Single,India
2549,21840,27,5,31,0,PhD,Single,Spain
6437,41473,76,6,29,0,Undergraduate,Single,Spain
2488,31395,64,10,58,0,Undergraduate,Divorced,Spain
3945,68117,930,25,67,1,PhD,Single,Spain
702,47682,521,19,39,0,Undergraduate,Single,Spain
9010,83151,2346,23,42,3,Master,Married,Spain
9710,58086,792,23,45,0,PhD,Divorced,Spain
1509,84460,523,22,56,4,PhD,Single,Spain
9120,66565,1065,19,52,0,Bsc,Single,Spain
5252,23910,67,6,45,0,Bsc,Divorced,Spain
5959,35893,199,15,46,0,Bsc,Single,India
7441,71128,1615,27,41,0,Bsc,Divorced,United State
4271,38683,341,17,25,0,Undergraduate,Single,India
4095,37150,467,21,43,0,Bsc,Married,United State
8852,61064,1080,28,38,0,Bsc,Married,Spain
7698,51650,191,10,38,0,PhD,Married,India
4174,55249,130,8,58,0,Master,Single,Spain
3182,46854,263,15,41,1,PhD,Single,India
193,14421,16,4,18,1,Basic,Married,Spain
5229,54132,42,5,45,0,PhD,Single,Germany
5555,153924,6,0,39,0,Bsc,Divorced,Spain
7732,64813,745,20,36,0,Bsc,Married,Spain
310,61872,573,21,44,0,Master,Married,Canada
6261,58025,470,18,35,0,Bsc,Married,India
6274,83790,1615,25,66,2,Master,Married,South Africa
1655,34350,48,5,35,0,Bsc,Single,Australia
2740,33438,90,11,56,0,PhD,Single,Spain
4328,21955,55,8,28,0,Undergraduate,Married,Spain
17,60491,1028,28,43,0,PhD,Married,Spain
9153,59304,1048,28,50,0,PhD,Married,Spain
520,34421,30,4,40,0,Bsc,Married,Spain
8372,34421,30,4,40,0,Bsc,Married,South Africa
73,51411,18,4,61,0,PhD,Single,India
2002,71964,1870,17,56,0,Bsc,Divorced,Spain
6059,64504,1314,25,61,0,PhD,Single,Spain
11166,49678,315,14,53,0,Bsc,Married,Spain
6257,60482,507,17,38,0,Master,Single,South Africa
9224,55260,1139,25,42,0,PhD,Single,South Africa
8732,67369,1461,25,45,2,Master,Single,Spain
955,47175,240,17,52,1,Master,Single,South Africa
4910,68743,2074,30,47,0,Bsc,Divorced,United State
564,56937,906,30,33,1,PhD,Single,Spain
8931,83033,1761,26,28,1,Bsc,Single,South Africa
1998,37697,84,7,38,0,Bsc,Single,India
1250,37697,84,7,38,0,Bsc,Single,Spain
8397,44689,34,6,63,1,Bsc,Married,Spain
9672,23162,65,8,44,0,Undergraduate,Married,Canada
2125,63033,1102,16,55,0,Bsc,Divorced,United State
5975,40304,57,6,47,0,PhD,Single,Canada
983,40059,414,12,30,1,Bsc,Married,United State
9938,80067,1600,17,60,1,Bsc,Married,India
4385,36038,47,8,33,0,PhD,Single,Spain
1612,51381.5,47,8,33,0,PhD,Single,Australia
803,40521,21,4,46,0,Bsc,Single,Spain
10675,66334,1161,19,58,0,PhD,Married,Spain
7004,11012,84,9,30,1,Bsc,Single,India
4432,31615,51,7,38,0,Bsc,Divorced,Spain
5079,51381.5,97,10,43,0,Bsc,Married,Australia
4475,69098,2440,25,65,0,PhD,Married,Spain
10868,70792,1272,19,63,0,Bsc,Single,Spain
6742,17688,11,4,35,0,Bsc,Married,Spain
5692,25443,32,5,25,0,Basic,Married,South Africa
339,57091,496,18,42,1,PhD,Married,Spain
10398,24336,31,4,33,0,Undergraduate,Single,Spain
8017,51111,55,7,33,0,Undergraduate,Married,South Africa
3722,44503,48,7,42,0,Bsc,Single,Spain
7326,56850,63,6,43,0,Master,Married,Canada
2416,66582,1288,20,45,0,PhD,Single,Spain
1878,23148,37,6,29,0,Undergraduate,Married,Spain
5278,82224,902,21,50,1,Bsc,Married,Germany
5734,61917,91,7,40,0,PhD,Married,Spain
4370,43482,88,9,48,0,Bsc,Single,India
8405,68274,305,13,35,0,Bsc,Divorced,South Africa
7617,42373,163,13,40,0,Bsc,Single,Spain
10339,51381.5,207,11,60,0,Master,Single,Australia
6376,57537,545,19,35,0,Bsc,Single,Australia
2150,80995,1482,22,56,0,PhD,Single,Canada
7386,30992,43,5,38,0,Bsc,Divorced,Canada
3006,30992,43,5,38,0,Bsc,Divorced,Canada
11088,78642,1816,18,43,0,PhD,Single,Spain
5185,74268,892,13,59,0,Bsc,Married,South Africa
3523,75072,1073,19,52,0,Bsc,Single,Spain
55,56253,597,22,51,0,Bsc,Single,Spain
3807,59925,766,23,59,0,Bsc,Single,Spain
2453,62807,819,23,54,0,Bsc,Single,Spain
7787,62807,819,23,54,0,Bsc,Single,Canada
2230,23626,43,10,44,0,PhD,Married,Germany
8146,46106,54,5,38,0,Master,Single,South Africa
988,81168,1193,18,49,1,Bsc,Married,Spain
4832,27244,101,8,35,0,Bsc,Married,Spain
3152,26091,89,9,57,0,Bsc,Single,India
11188,26091,89,9,57,0,Bsc,Single,Spain
361,43142,20,4,45,0,Master,Married,Australia
5939,38232,122,11,43,0,Bsc,Single,Spain
9349,92533,1131,23,29,2,Bsc,Married,Germany
819,63285,1103,25,69,0,Bsc,Single,Spain
10120,38946,257,12,59,0,Bsc,Single,United State
4541,38946,257,12,59,0,Bsc,Single,Canada
2456,40233,149,13,39,0,PhD,Married,South Africa
2516,46831,78,7,45,0,Undergraduate,Married,Spain
11013,67605,938,17,27,0,Bsc,Single,Spain
9988,70379,860,25,38,0,Master,Single,Canada
1627,77297,789,22,57,1,Undergraduate,Divorced,Spain
1490,55759,854,26,52,0,Bsc,Married,Canada
6710,58217,103,7,63,0,Master,Single,Spain
7375,51369,576,16,38,0,Bsc,Single,South Africa
10144,51369,576,16,38,0,Bsc,Single,South Africa
3138,91249,1676,22,58,4,Bsc,Single,Spain
1440,52513,1149,25,36,0,Undergraduate,Single,Spain
4200,44159,275,15,44,0,Master,Married,South Africa
4998,76081,1033,14,52,1,Bsc,Single,Spain
7321,76081,1033,14,52,1,Bsc,Single,India
8663,39996,15,4,40,0,Bsc,Divorced,Australia
1958,55012,660,25,41,0,PhD,Single,Spain
6963,77457,1157,18,67,1,Bsc,Single,South Africa
1065,80695,1918,19,51,0,Bsc,Single,United State
2712,71866,715,20,58,0,Bsc,Married,Australia
6049,73450,1804,27,32,2,Master,Single,Spain
6605,55614,682,20,69,1,PhD,Divorced,Spain
11181,156924,8,0,65,0,PhD,Married,Canada
5234,30753,81,7,47,0,Undergraduate,Single,Canada
5253,54603,227,16,58,0,Master,Single,Spain
11148,22280,13,4,39,0,Bsc,Single,Spain
6289,59385,185,10,63,0,Master,Single,Spain
9743,76998,1910,29,59,1,Bsc,Married,Canada
9209,80573,1564,24,43,0,Master,Single,South Africa
6417,80573,1564,24,43,0,Master,Single,Spain
7937,24711,58,7,32,0,Bsc,Married,Spain
6488,38829,99,8,55,0,PhD,Married,Germany
3194,71466,1230,19,40,0,PhD,Single,Canada
231,28839,32,7,58,0,Master,Single,Spain
9697,53790,542,20,63,0,Bsc,Married,Spain
4676,73705,1695,25,63,0,Master,Single,Spain
8079,22448,55,9,32,0,Bsc,Married,South Africa
10032,12571,53,11,38,0,Bsc,Divorced,South Africa
10505,73113,1001,15,54,0,Master,Single,South Africa
2005,35765,75,8,24,0,Bsc,Married,Canada
6940,46734,223,12,48,1,PhD,Single,Spain
2304,66313,770,23,51,0,PhD,Single,South Africa
3170,68148,1042,15,57,0,Master,Single,Spain
10466,44393,60,7,49,0,Bsc,Married,Spain
7325,38197,40,5,28,0,PhD,Single,Spain
455,51012,209,10,68,0,PhD,Married,Spain
7592,51012,209,10,68,0,PhD,Married,Spain
4547,13672,25,6,54,0,Bsc,Single,Spain
6825,41452,16,4,61,0,Bsc,Single,Canada
2961,42081,382,15,32,1,Bsc,Married,Spain
8700,14906,66,9,28,0,Basic,Single,South Africa
2278,33812,133,8,29,0,Undergraduate,Single,United State
10703,46098,120,11,39,0,Master,Single,Spain
9,46098,120,11,39,0,Master,Single,Canada
2804,46098,120,11,39,0,Master,Single,India
4915,53230,732,23,58,0,Undergraduate,Married,Germany
3010,88420,2069,20,25,3,Master,Single,Spain
4279,39548,54,7,51,0,Undergraduate,Single,Spain
2564,61278,165,10,61,0,Bsc,Single,Spain
1137,81246,1379,17,50,2,Bsc,Single,Spain
5084,58330,1064,24,39,0,Bsc,Single,Spain
7094,58330,1064,24,39,0,Bsc,Single,Germany
6327,65777,1146,17,47,0,Bsc,Single,United State
6131,70829,431,16,34,0,Undergraduate,Married,Spain
5798,51381.5,985,15,41,0,Master,Single,Germany
10379,59247,574,21,52,0,Master,Single,Spain
606,25930,15,4,47,0,Bsc,Single,Spain
7801,54753,728,21,55,0,Bsc,Single,South Africa
2445,28440,63,6,40,0,PhD,Single,Spain
5346,23559,79,9,41,0,Undergraduate,Married,Germany
550,62335,708,21,62,0,Bsc,Divorced,Spain
4478,63777,653,26,35,0,Bsc,Married,India
2350,59666,1027,20,42,1,Bsc,Married,Canada
1118,50965,685,22,58,1,Master,Married,Spain
1491,71488,559,16,49,0,Undergraduate,Single,Canada
4507,72228,1250,22,62,0,Bsc,Single,Spain
7023,46231,263,15,61,0,PhD,Single,South Africa
6977,75702,1921,29,40,1,Bsc,Single,Spain
4042,43300,180,11,43,0,Bsc,Divorced,Canada
7274,78618,2153,22,57,1,Bsc,Married,Spain
2902,51381.5,45,5,56,0,Bsc,Single,Australia
3332,29760,165,12,29,0,Bsc,Single,Germany
7433,29760,165,12,29,0,Bsc,Single,Spain
9386,50127,320,13,52,1,Bsc,Single,Spain
5176,29604,53,5,26,1,Bsc,Single,South Africa
10323,49413,304,13,62,0,Bsc,Married,Spain
4682,51876,310,13,56,0,Bsc,Married,Germany
3083,45837,373,18,40,0,Bsc,Married,Spain
8015,85696,1313,20,52,0,PhD,Divorced,Spain
1745,85696,1313,20,52,0,PhD,Divorced,Spain
3136,59432,663,22,52,0,Master,Divorced,Spain
6991,43185,637,20,63,0,Bsc,Divorced,Australia
8132,60631,661,24,39,1,PhD,Married,Germany
503,20559,53,7,29,0,Master,Married,Australia
8148,50898,859,33,58,0,Master,Single,South Africa
2736,73807,849,23,36,0,Bsc,Married,India
8162,14661,26,5,58,0,Master,Single,Spain
692,36807,16,4,60,0,Bsc,Single,India
7706,46772,1048,30,39,1,Undergraduate,Single,Canada
9298,81574,1798,18,67,2,PhD,Single,South Africa
2986,30772,20,4,38,0,Bsc,Married,Canada
10812,46377,90,7,36,0,PhD,Married,South Africa
2909,78128,1264,20,40,2,PhD,Married,Germany
6974,83443,1497,22,42,0,PhD,Single,Germany
9140,50523,91,8,54,0,Undergraduate,Single,United State
4554,47009,448,17,49,0,Bsc,Single,Spain
7791,37054,25,6,47,0,Master,Married,South Africa
5455,32011,122,10,43,0,PhD,Married,Spain
7960,82122,1382,26,52,1,Undergraduate,Single,Spain
3426,70300,1596,26,39,0,Bsc,Divorced,Spain
5316,21024,84,7,38,0,Master,Single,Spain
1404,34916,231,13,46,0,Bsc,Single,South Africa
10598,27943,37,8,47,0,Bsc,Single,Spain
8212,39791,174,10,43,0,Master,Married,Spain
3233,62745,1117,29,49,0,PhD,Married,South Africa
7892,18589,75,8,45,0,Bsc,Single,United State
2975,85606,1956,24,38,1,Bsc,Single,Spain
5043,26997,434,13,63,0,Basic,Married,Spain
3104,82332,2006,21,53,1,Bsc,Single,Germany
10854,38853,45,7,44,0,PhD,Married,India
7419,27071,35,7,46,0,Master,Divorced,Spain
5558,90933,1685,15,60,1,PhD,Single,Spain
832,65814,747,23,48,0,PhD,Single,Spain
4964,74250,1158,18,56,0,PhD,Single,Canada
11030,33181,16,4,38,1,Master,Married,Spain
4587,45006,266,12,69,0,Master,Single,Spain
450,42315,270,12,56,0,Master,Single,United State
11031,48699,40,5,64,0,PhD,Married,Australia
4990,59111,869,21,60,0,Bsc,Married,Australia
221,48726,242,12,59,0,Bsc,Married,Germany
4351,37244,55,5,59,1,Bsc,Divorced,Spain
1357,74854,1562,19,44,0,Bsc,Single,Germany
5667,60896,1701,26,50,0,PhD,Married,Canada
8867,67546,2126,20,26,0,PhD,Married,South Africa
2747,67546,2126,20,26,0,PhD,Married,Spain
7422,46923,369,16,27,0,Bsc,Single,Spain
4148,38988,348,19,42,0,Bsc,Married,Spain
9516,49118,1229,28,43,2,Undergraduate,Divorced,Spain
1291,27683,351,16,36,0,PhD,Single,Spain
1833,39190,133,9,40,0,PhD,Single,Spain
7270,56981,1241,19,33,1,Bsc,Divorced,South Africa
8182,23228,121,11,30,0,Bsc,Married,Canada
10394,90000,1479,18,30,3,Bsc,Married,Canada
1142,55707,428,16,61,0,PhD,Married,Spain
451,9255,22,5,25,0,Bsc,Single,India
7128,42997,15,4,37,0,PhD,Single,Spain
10678,71232,917,25,55,0,Bsc,Single,Spain
7755,57744,411,16,60,0,PhD,Married,Spain
4754,33585,122,7,48,0,Master,Married,Spain
20,46891,183,8,49,0,Undergraduate,Married,Germany
2246,46891,183,8,49,0,Undergraduate,Married,Spain
10307,50387,525,19,58,0,Bsc,Married,Spain
2147,76653,2279,23,45,2,Bsc,Single,Spain
10590,76542,1483,23,58,0,PhD,Single,Spain
6565,76995,1782,26,65,1,Master,Married,United State
6619,38415,44,6,36,0,Bsc,Married,Spain
4817,22304,18,4,58,0,Bsc,Divorced,Spain
4508,75127,833,19,62,0,Bsc,Single,Germany
4843,75127,833,19,62,0,Bsc,Single,South Africa
9197,39722,47,7,61,0,Bsc,Married,Spain
6237,7144,416,25,48,0,PhD,Single,Spain
6515,39771,50,6,37,0,Bsc,Single,South Africa
5954,42618,192,11,42,0,Master,Divorced,Spain
7938,51518,449,17,56,0,PhD,Single,Germany
961,74716,860,17,42,0,Bsc,Married,Spain
1764,33955,270,15,39,0,Bsc,Single,South Africa
1916,45736,437,19,60,0,Master,Married,Germany
6941,31632,95,6,43,0,Bsc,Single,Spain
5562,60093,735,21,40,0,Bsc,Married,Spain
1517,30822,51,5,45,0,Bsc,Single,Spain
7286,41728,55,5,46,0,Bsc,Single,Australia
4687,80739,1633,24,56,0,Master,Married,Spain
5631,49767,692,18,23,0,Bsc,Single,United State
1951,34445,839,27,33,0,Basic,Married,Spain
123,67046,993,15,63,0,Bsc,Single,Australia
9451,73538,1658,26,49,0,Bsc,Married,Canada
7396,80398,1597,26,48,1,Bsc,Married,Spain
3298,52973,1152,31,58,0,Master,Married,South Africa
6730,38998,54,8,60,0,Bsc,Married,Spain
9916,38998,54,8,60,0,Bsc,Married,South Africa
2227,26490,210,11,56,0,Undergraduate,Single,South Africa
946,26490,210,11,56,0,Undergraduate,Single,Spain
3745,23331,103,8,26,0,Undergraduate,Married,India
4094,60544,289,15,53,0,Bsc,Married,Australia
8588,60544,289,15,53,0,Bsc,Married,Germany
3916,49269,890,25,43,0,PhD,Single,Spain
9135,27203,64,6,64,0,Bsc,Single,Spain
1755,45204,114,7,26,0,Undergraduate,Single,South Africa
2875,67023,906,24,36,0,Bsc,Married,Spain
2008,77583,1149,19,36,1,Bsc,Married,South Africa
10925,76630,1003,25,31,0,Bsc,Married,South Africa
1604,47353,225,13,54,0,Master,Married,Spain
5389,48920,347,16,50,1,Bsc,Married,Spain
2878,67472,414,15,67,0,PhD,Married,Spain
4440,64100,546,18,50,1,Master,Married,South Africa
1324,38872,91,8,26,0,Bsc,Married,India
6262,72217,1573,22,52,0,Master,Single,Germany
3628,15038,80,7,27,0,Basic,Single,Spain
3641,13624,36,7,38,0,Bsc,Married,Spain
322,42554,41,7,36,0,Bsc,Single,Australia
175,71952,1443,22,28,2,Bsc,Married,Spain
6988,71952,1443,22,28,2,Bsc,Married,Australia
8204,78041,1319,18,43,0,Undergraduate,Married,Germany
7476,63972,1269,23,50,1,Master,Single,South Africa
5221,52852,879,26,57,1,Bsc,Married,Germany
8970,62010,530,19,42,0,PhD,Married,Spain
9286,83151,747,19,54,0,Master,Single,Spain
5831,77870,1815,18,47,2,Bsc,Married,Spain
1010,46931,78,7,37,0,Bsc,Single,Spain
11074,85072,1423,18,37,0,Bsc,Single,South Africa
5896,73395,397,15,27,0,Master,Married,Spain
3515,62307,160,9,62,0,Bsc,Single,Spain
5324,58293,422,19,33,0,PhD,Married,United State
6534,47889,67,6,40,0,Bsc,Single,South Africa
8373,24594,29,5,35,0,Basic,Single,Canada
3829,24594,29,5,35,0,Basic,Single,South Africa
4501,69882,1478,20,49,0,Master,Single,Spain
4179,24221,55,6,55,0,Bsc,Single,Spain
2292,22327,24,5,29,0,Bsc,Single,Spain
9239,61923,126,8,53,0,Master,Married,United State
8953,35791,35,6,49,0,Master,Single,Spain
10258,35791,35,6,49,0,Master,Single,United State
3520,91172,1092,14,24,4,Master,Single,Canada
10402,35441,39,6,47,0,Bsc,Married,Canada
11114,19656,84,9,44,0,Bsc,Single,Spain
9553,7500,15,4,27,0,Bsc,Married,India
6055,71626,1305,19,35,1,Bsc,Married,Spain
4786,75330,1109,29,37,0,Bsc,Married,United State
5015,34529,162,9,38,0,Master,Married,Spain
8560,48789,680,18,22,0,Bsc,Single,Canada
3469,34487,103,9,37,0,PhD,Divorced,Spain
5885,35688,211,16,41,0,Undergraduate,Married,Canada
3310,35688,211,16,41,0,Undergraduate,Married,Spain
2134,53700,694,22,62,0,Bsc,Single,South Africa
2532,73454,1651,13,27,1,Master,Single,Spain
2579,71113,835,26,57,0,Bsc,Married,Spain
3117,51381.5,450,15,59,0,Bsc,Single,Australia
5623,31535,51,5,34,1,Master,Married,Spain
4789,80812,1677,18,61,3,Bsc,Single,India
9523,40479,15,4,32,0,Bsc,Single,Spain
5268,29440,56,7,54,0,Bsc,Married,Germany
1545,38508,443,20,28,0,Bsc,Married,Spain
2254,69520,1455,21,31,0,Bsc,Married,Australia
2661,18701,44,10,50,0,Bsc,Single,South Africa
3130,18701,44,10,50,0,Bsc,Single,Spain
5847,69901,882,23,45,0,Bsc,Divorced,Spain
5863,47703,655,21,61,0,Bsc,Married,Spain
999,86037,730,25,23,2,Bsc,Single,Canada
2931,71847,1192,22,36,1,Bsc,Divorced,Spain
1890,42033,25,4,43,0,Undergraduate,Single,Spain
5589,51983,793,24,50,0,Bsc,Divorced,India
10172,68655,1538,21,26,0,Bsc,Single,Spain
6729,68655,1538,21,26,0,Bsc,Single,South Africa
10492,38285,10,4,55,0,Bsc,Single,India
2939,79419,1631,15,44,0,Master,Single,Canada
5948,57338,237,12,39,0,Bsc,Single,United State
574,42523,125,7,50,0,Bsc,Married,Germany
3266,42523,125,7,50,0,Bsc,Married,Canada
10500,31761,98,9,30,0,Bsc,Married,Australia
7987,65747,460,19,45,1,Bsc,Married,Canada
1135,17144,47,12,54,0,Master,Single,Canada
24,17144,47,12,54,0,Master,Single,South Africa
7244,51381.5,124,10,63,0,Bsc,Single,Australia
1966,84618,1672,26,49,1,PhD,Married,Australia
7789,84618,1672,26,49,1,PhD,Married,Spain
3336,66375,948,14,66,1,PhD,Single,Australia
5644,42213,363,15,57,1,Bsc,Single,Spain
1295,51381.5,725,19,51,0,Bsc,Married,Canada
6663,51141,157,9,69,0,PhD,Single,Spain
10262,15072,53,11,34,0,Bsc,Married,India
456,7500,36,7,28,0,Undergraduate,Married,Spain
3270,17117,128,11,36,0,Undergraduate,Single,South Africa
5748,59754,475,16,49,0,Bsc,Married,South Africa
8952,65569,859,23,61,0,Master,Married,Spain
3921,28457,205,10,62,0,Undergraduate,Single,Spain
9826,86857,2114,22,42,0,PhD,Single,United State
5830,86857,2114,22,42,0,PhD,Single,South Africa
8310,68142,1459,24,50,0,Bsc,Single,Spain
6382,48794,54,5,61,0,Bsc,Single,United State
8439,63404,902,15,50,1,Bsc,Single,Spain
7613,49669,326,14,40,0,Undergraduate,Single,Spain
48,55761,184,10,50,1,Bsc,Single,Spain
5046,78331,1638,25,56,0,Bsc,Divorced,South Africa
3231,37971,30,5,41,0,Bsc,Married,United State
7181,30368,52,7,37,0,Bsc,Married,Spain
1663,34043,49,5,36,0,PhD,Single,Spain
5441,54111,388,15,49,0,PhD,Single,Spain
8602,69932,1049,26,50,0,Bsc,Divorced,Spain
9925,39665,216,12,33,1,PhD,Single,Spain
9499,93404,1616,17,60,2,Bsc,Married,Canada
6568,38680,79,6,30,0,Bsc,Married,United State
3032,24570,193,11,30,0,Bsc,Married,Spain
5153,77766,1529,34,47,1,PhD,Married,Spain
4127,77766,1529,34,47,1,PhD,Married,Spain
9940,64961,1009,16,56,0,Bsc,Single,South Africa
7527,23748,76,9,46,0,Master,Divorced,Spain
3406,45989,322,16,50,0,Bsc,Single,South Africa
9771,23331,269,17,26,0,Undergraduate,Single,India
6722,70421,767,23,60,0,PhD,Married,Canada
213,23091,48,10,51,0,PhD,Single,Spain
8541,24683,41,8,24,0,Undergraduate,Married,Spain
8475,157243,1608,37,41,0,PhD,Married,India
8070,54222,264,12,41,0,PhD,Married,Spain
313,73455,2088,22,46,1,Bsc,Single,South Africa
9757,84906,1631,24,42,3,Bsc,Single,Spain
2088,84906,1631,24,42,3,Bsc,Single,Germany
2320,47025,635,23,36,0,Undergraduate,Married,Spain
966,44529,691,25,48,1,Bsc,Married,Spain
9706,31560,94,8,40,0,PhD,Single,Canada
3979,90687,1779,17,31,1,PhD,Divorced,Spain
5602,66973,1282,28,25,0,PhD,Single,India
2202,41154,69,6,36,0,Bsc,Single,Spain
9645,64590,1338,24,46,0,Bsc,Married,Spain
7230,50611,493,22,54,1,PhD,Divorced,United State
5675,50611,493,22,54,1,PhD,Divorced,United State
4974,83273,1392,29,44,0,Bsc,Single,United State
5687,81702,1633,27,34,0,Bsc,Divorced,Canada
5871,24401,467,16,35,0,Master,Single,South Africa
3846,42557,270,15,40,0,Bsc,Married,Spain
10001,7500,100,10,29,0,Undergraduate,Single,Spain
2831,78416,1179,26,38,0,Bsc,Single,Spain
868,44794,65,6,48,0,Bsc,Married,South Africa
7212,44794,65,6,48,0,Bsc,Married,Australia
1743,69719,801,11,40,0,Bsc,Single,Spain
2415,62568,953,16,52,1,Bsc,Single,Spain
7947,42231,37,5,45,0,Bsc,Married,Spain
2106,20130,34,5,40,0,Undergraduate,Married,Spain
3363,20130,34,5,40,0,Undergraduate,Married,Spain
8595,42429,67,7,41,0,Bsc,Single,Australia
7232,42429,67,7,41,0,Bsc,Single,Spain
7829,36640,65,6,69,0,Undergraduate,Divorced,India
9977,78901,734,20,41,0,Bsc,Divorced,United State
10142,66476,689,20,38,0,PhD,Divorced,United State
5263,31056,55,5,37,0,Undergraduate,Married,Spain
22,46310,309,14,38,0,Bsc,Divorced,Spain
528,65819,1383,20,36,0,Bsc,Married,India
4070,94871,1078,18,45,2,PhD,Married,Canada
